id,tipo,ambiente,area_m2,configuracao,acabamento,descricao,origem
1,Apto,Banheiro,3.0,1Q+1B,Popular,"Reforma básica de banheiro: demolição de revestimentos antigos, impermeabilização do piso e box, contrapiso novo, revestimento cerâmico padrão, rejunte, louças/metais econômicos e pintura de teto",expandido
2,Apto,Banheiro,4.0,1Q+1B,Popular,"Reforma básica de banheiro: demolição de revestimentos antigos, impermeabilização do piso e box, contrapiso novo, revestimento cerâmico padrão, rejunte, louças/metais econômicos e pintura de teto",base
3,Apto,Banheiro,6.0,1Q+1B,Popular,"Reforma básica de banheiro: demolição de revestimentos antigos, impermeabilização do piso e box, contrapiso novo, revestimento cerâmico padrão, rejunte, louças/metais econômicos e pintura de teto",expandido
4,Apto,Banheiro,4.0,2Q+1B,Médio,"Reforma completa de banheiro mantendo layout: demolição, impermeabilização com manta, contrapiso com caimento, porcelanato 60x60, box de vidro temperado, louças/metais de linha média e iluminação LED",expandido
5,Apto,Banheiro,5.0,2Q+1B,Médio,"Reforma completa de banheiro mantendo layout: demolição, impermeabilização com manta, contrapiso com caimento, porcelanato 60x60, box de vidro temperado, louças/metais de linha média e iluminação LED",base
6,Apto,Banheiro,7.0,2Q+1B,Médio,"Reforma completa de banheiro mantendo layout: demolição, impermeabilização com manta, contrapiso com caimento, porcelanato 60x60, box de vidro temperado, louças/metais de linha média e iluminação LED",expandido
7,Apto,Banheiro,8.0,2Q+2B,Luxo,"Banheiro premium: demolição total, impermeabilização premium, porcelanato grande formato (90x90 ou 1,20x2,40m), nicho iluminado, metais de design, box até o teto com ferragens especiais e ducha higiênica",expandido
8,Apto,Banheiro,4.0,2Q+2B,Luxo,"Banheiro premium: demolição total, impermeabilização premium, porcelanato grande formato (90x90 ou 1,20x2,40m), nicho iluminado, metais de design, box até o teto com ferragens especiais e ducha higiênica",expandido
9,Apto,Banheiro,6.0,2Q+2B,Luxo,"Banheiro premium: demolição total, impermeabilização premium, porcelanato grande formato (90x90 ou 1,20x2,40m), nicho iluminado, metais de design, box até o teto com ferragens especiais e ducha higiênica",base
10,Apto,Banheiro social,3,3Q+2B,Médio,"Troca de revestimentos apenas do box (área molhada), impermeabilização localizada, novo piso/parede cerâmica, rejunte epóxi anti-mofo e troca de metais mantendo louças existentes",expandido
11,Apto,Banheiro social,4.0,3Q+2B,Médio,"Troca de revestimentos apenas do box (área molhada), impermeabilização localizada, novo piso/parede cerâmica, rejunte epóxi anti-mofo e troca de metais mantendo louças existentes",base
12,Apto,Banheiro social,6.0,3Q+2B,Médio,"Troca de revestimentos apenas do box (área molhada), impermeabilização localizada, novo piso/parede cerâmica, rejunte epóxi anti-mofo e troca de metais mantendo louças existentes",expandido
13,Apto,Lavabo,2.0,3Q+2B,Luxo,"Lavabo de impacto: bancada esculpida em pedra natural, cuba de apoio designer, torneira de parede, revestimento decorativo (porcelanato 3D ou cimento queimado), espelho retroiluminado e iluminação cênica",base
14,Apto,Lavabo,3.0,3Q+2B,Luxo,"Lavabo de impacto: bancada esculpida em pedra natural, cuba de apoio designer, torneira de parede, revestimento decorativo (porcelanato 3D ou cimento queimado), espelho retroiluminado e iluminação cênica",expandido
15,Apto,Banheiro,3.0,2Q+1B,Popular,"Banheiro econômico: pintura de azulejos existentes, troca de louças/metais por modelos básicos, novo vaso sanitário, box acrílico e revisão de sifões/flexíveis",expandido
16,Apto,Banheiro,4.0,2Q+1B,Popular,"Banheiro econômico: pintura de azulejos existentes, troca de louças/metais por modelos básicos, novo vaso sanitário, box acrílico e revisão de sifões/flexíveis",base
17,Apto,Banheiro,6.0,2Q+1B,Popular,"Banheiro econômico: pintura de azulejos existentes, troca de louças/metais por modelos básicos, novo vaso sanitário, box acrílico e revisão de sifões/flexíveis",expandido
18,Apto,Quarto,8.0,2Q+1B,Popular,"Reforma de quarto: pintura completa (parede e teto), troca de piso por vinílico clicado sobre existente, rodapé novo, tomadas e interruptores novos e ajuste de porta/guarnição",expandido
19,Apto,Quarto,17.0,2Q+1B,Popular,"Reforma de quarto: pintura completa (parede e teto), troca de piso por vinílico clicado sobre existente, rodapé novo, tomadas e interruptores novos e ajuste de porta/guarnição",expandido
20,Apto,Quarto,12.0,2Q+1B,Popular,"Reforma de quarto: pintura completa (parede e teto), troca de piso por vinílico clicado sobre existente, rodapé novo, tomadas e interruptores novos e ajuste de porta/guarnição",base
21,Apto,Quarto,10.0,3Q+2B,Médio,"Quarto renovado: pintura, piso laminado de qualidade, rodapé alto, cabeceira estofada com iluminação de leitura, tomadas USB, cortineiro embutido em gesso e iluminação setorizada",expandido
22,Apto,Quarto,20.0,3Q+2B,Médio,"Quarto renovado: pintura, piso laminado de qualidade, rodapé alto, cabeceira estofada com iluminação de leitura, tomadas USB, cortineiro embutido em gesso e iluminação setorizada",expandido
23,Apto,Quarto,14.0,3Q+2B,Médio,"Quarto renovado: pintura, piso laminado de qualidade, rodapé alto, cabeceira estofada com iluminação de leitura, tomadas USB, cortineiro embutido em gesso e iluminação setorizada",base
24,Apto,Suíte,16.0,3Q+2B,Luxo,"Suíte integrada: piso de madeira ou porcelanato madeirado, painel ripado para cabeceira, closet aberto com iluminação LED, automação de persianas e iluminação cênica com dimmers",base
25,Apto,Suíte,12,3Q+2B,Luxo,"Suíte integrada: piso de madeira ou porcelanato madeirado, painel ripado para cabeceira, closet aberto com iluminação LED, automação de persianas e iluminação cênica com dimmers",expandido
26,Apto,Suíte,22.0,3Q+2B,Luxo,"Suíte integrada: piso de madeira ou porcelanato madeirado, painel ripado para cabeceira, closet aberto com iluminação LED, automação de persianas e iluminação cênica com dimmers",expandido
27,Apto,Quarto infantil,8,3Q+2B,Médio,"Quarto temático: pintura com cores específicas, piso vinílico colorido, iluminação lúdica, tomadas em altura segura, proteção de quinas e móveis planejados integrados",expandido
28,Apto,Quarto infantil,10.0,3Q+2B,Médio,"Quarto temático: pintura com cores específicas, piso vinílico colorido, iluminação lúdica, tomadas em altura segura, proteção de quinas e móveis planejados integrados",base
29,Apto,Quarto infantil,14.0,3Q+2B,Médio,"Quarto temático: pintura com cores específicas, piso vinílico colorido, iluminação lúdica, tomadas em altura segura, proteção de quinas e móveis planejados integrados",expandido
30,Apto,Quarto solteiro,9.0,3Q+2B,Popular,"Quarto solteiro funcional: pintura, piso vinílico básico, luminárias LED, tomadas para computador e organização de cabos",base
31,Apto,Quarto solteiro,13.0,3Q+2B,Popular,"Quarto solteiro funcional: pintura, piso vinílico básico, luminárias LED, tomadas para computador e organização de cabos",expandido
32,Apto,Quarto solteiro,6.0,3Q+2B,Popular,"Quarto solteiro funcional: pintura, piso vinílico básico, luminárias LED, tomadas para computador e organização de cabos",expandido
33,Apto,Quarto hóspedes,8,3Q+2B,Médio,"Quarto de hóspedes: pintura neutra, piso laminado, iluminação agradável, tomadas estratégicas e armário compacto embutido",expandido
34,Apto,Quarto hóspedes,10.0,3Q+2B,Médio,"Quarto de hóspedes: pintura neutra, piso laminado, iluminação agradável, tomadas estratégicas e armário compacto embutido",base
35,Apto,Quarto hóspedes,14.0,3Q+2B,Médio,"Quarto de hóspedes: pintura neutra, piso laminado, iluminação agradável, tomadas estratégicas e armário compacto embutido",expandido
36,Apto,Cozinha,8.0,1Q+1B,Popular,"Cozinha funcional: pintura lavável, troca de revestimento da faixa molhada (1,50m), bancada granito cinza, cuba inox, torneira básica e revisão de pontos elétricos para eletros",base
37,Apto,Cozinha,11.0,1Q+1B,Popular,"Cozinha funcional: pintura lavável, troca de revestimento da faixa molhada (1,50m), bancada granito cinza, cuba inox, torneira básica e revisão de pontos elétricos para eletros",expandido
38,Apto,Cozinha,6.0,1Q+1B,Popular,"Cozinha funcional: pintura lavável, troca de revestimento da faixa molhada (1,50m), bancada granito cinza, cuba inox, torneira básica e revisão de pontos elétricos para eletros",expandido
39,Apto,Cozinha,10.0,2Q+1B,Médio,"Cozinha completa mantendo layout: demolição de revestimentos, novo piso/parede, bancada quartzo, cuba dupla, torneira gourmet com filtro, marcenaria sob medida e iluminação de bancada",base
40,Apto,Cozinha,14.0,2Q+1B,Médio,"Cozinha completa mantendo layout: demolição de revestimentos, novo piso/parede, bancada quartzo, cuba dupla, torneira gourmet com filtro, marcenaria sob medida e iluminação de bancada",expandido
41,Apto,Cozinha,7.0,2Q+1B,Médio,"Cozinha completa mantendo layout: demolição de revestimentos, novo piso/parede, bancada quartzo, cuba dupla, torneira gourmet com filtro, marcenaria sob medida e iluminação de bancada",expandido
42,Apto,Cozinha,10.0,3Q+2B,Luxo,"Cozinha gourmet: porcelanato retificado, bancada ilha em quartzo, cooktop e coifa, marcenaria premium com ferragens Blum, iluminação em perfis LED e tomadas retráteis",expandido
43,Apto,Cozinha,20.0,3Q+2B,Luxo,"Cozinha gourmet: porcelanato retificado, bancada ilha em quartzo, cooktop e coifa, marcenaria premium com ferragens Blum, iluminação em perfis LED e tomadas retráteis",expandido
44,Apto,Cozinha,14.0,3Q+2B,Luxo,"Cozinha gourmet: porcelanato retificado, bancada ilha em quartzo, cooktop e coifa, marcenaria premium com ferragens Blum, iluminação em perfis LED e tomadas retráteis",base
45,Apto,Cozinha americana,25,3Q+2B,Médio,"Integração cozinha-sala: demolição de meia-parede (se não estrutural), bancada de passagem, revestimento único nos dois ambientes, iluminação integrada e marcenaria de transição",expandido
46,Apto,Cozinha americana,18.0,3Q+2B,Médio,"Integração cozinha-sala: demolição de meia-parede (se não estrutural), bancada de passagem, revestimento único nos dois ambientes, iluminação integrada e marcenaria de transição",base
47,Apto,Cozinha americana,13.0,3Q+2B,Médio,"Integração cozinha-sala: demolição de meia-parede (se não estrutural), bancada de passagem, revestimento único nos dois ambientes, iluminação integrada e marcenaria de transição",expandido
48,Apto,Cozinha,4.0,1Q+1B,Popular,"Cozinha compacta: pintura, revestimento cerâmico básico na área molhada, bancada granito pequena, cuba simples e organização de pontos elétricos",expandido
49,Apto,Sala,25.0,1Q+1B,Popular,"Sala renovada: pintura completa, troca de piso por vinílico, rodapé, luminárias novas e organização de pontos elétricos para TV/internet",expandido
50,Apto,Sala,18.0,1Q+1B,Popular,"Sala renovada: pintura completa, troca de piso por vinílico, rodapé, luminárias novas e organização de pontos elétricos para TV/internet",base
51,Apto,Sala,13.0,1Q+1B,Popular,"Sala renovada: pintura completa, troca de piso por vinílico, rodapé, luminárias novas e organização de pontos elétricos para TV/internet",expandido
52,Apto,Sala,31.0,2Q+1B,Médio,"Sala de estar: piso laminado ou porcelanato, forro de gesso com iluminação embutida, painel de TV com passa-cabos, tomadas estratégicas e pintura com parede de destaque",expandido
53,Apto,Sala,22.0,2Q+1B,Médio,"Sala de estar: piso laminado ou porcelanato, forro de gesso com iluminação embutida, painel de TV com passa-cabos, tomadas estratégicas e pintura com parede de destaque",base
54,Apto,Sala,15.0,2Q+1B,Médio,"Sala de estar: piso laminado ou porcelanato, forro de gesso com iluminação embutida, painel de TV com passa-cabos, tomadas estratégicas e pintura com parede de destaque",expandido
55,Apto,Sala,42.0,3Q+2B,Luxo,"Living premium: porcelanato grande formato, sanca em gesso com iluminação indireta, painel ripado para TV com automação, cortineiro motorizado e infraestrutura para home theater",expandido
56,Apto,Sala,21.0,3Q+2B,Luxo,"Living premium: porcelanato grande formato, sanca em gesso com iluminação indireta, painel ripado para TV com automação, cortineiro motorizado e infraestrutura para home theater",expandido
57,Apto,Sala,30.0,3Q+2B,Luxo,"Living premium: porcelanato grande formato, sanca em gesso com iluminação indireta, painel ripado para TV com automação, cortineiro motorizado e infraestrutura para home theater",base
58,Apto,Sala + cozinha integradas,32.0,3Q+2B,Médio,"Open concept: demolição de divisória, unificação de pisos, bancada americana, marcenaria integrada, iluminação setorizada e pintura uniforme para ampliar visualmente",base
59,Apto,Sala + cozinha integradas,25,3Q+2B,Médio,"Open concept: demolição de divisória, unificação de pisos, bancada americana, marcenaria integrada, iluminação setorizada e pintura uniforme para ampliar visualmente",expandido
60,Apto,Sala + cozinha integradas,45.0,3Q+2B,Médio,"Open concept: demolição de divisória, unificação de pisos, bancada americana, marcenaria integrada, iluminação setorizada e pintura uniforme para ampliar visualmente",expandido
61,Apto,Sala,16.0,2Q+1B,Popular,"Sala simples: pintura, piso vinílico econômico, luminárias básicas LED e organização de cabos TV",base
62,Apto,Sala,12,2Q+1B,Popular,"Sala simples: pintura, piso vinílico econômico, luminárias básicas LED e organização de cabos TV",expandido
63,Apto,Sala,22.0,2Q+1B,Popular,"Sala simples: pintura, piso vinílico econômico, luminárias básicas LED e organização de cabos TV",expandido
64,Apto,Lavanderia,4.0,2Q+1B,Popular,"Lavanderia compacta: revestimento lavável, bancada simples com tanque, armário aéreo, varal retrátil, tomada para máquina e revisão de pontos hidráulicos",expandido
65,Apto,Lavanderia,5.0,2Q+1B,Popular,"Lavanderia compacta: revestimento lavável, bancada simples com tanque, armário aéreo, varal retrátil, tomada para máquina e revisão de pontos hidráulicos",base
66,Apto,Lavanderia,7.0,2Q+1B,Popular,"Lavanderia compacta: revestimento lavável, bancada simples com tanque, armário aéreo, varal retrátil, tomada para máquina e revisão de pontos hidráulicos",expandido
67,Apto,Lavanderia,10.0,3Q+2B,Médio,"Área de serviço funcional: armários planejados, bancada ampla, tanque embutido, iluminação adequada, tomadas dedicadas (lava-seca) e ventilação/exaustão",expandido
68,Apto,Lavanderia,5.0,3Q+2B,Médio,"Área de serviço funcional: armários planejados, bancada ampla, tanque embutido, iluminação adequada, tomadas dedicadas (lava-seca) e ventilação/exaustão",expandido
69,Apto,Lavanderia,7.0,3Q+2B,Médio,"Área de serviço funcional: armários planejados, bancada ampla, tanque embutido, iluminação adequada, tomadas dedicadas (lava-seca) e ventilação/exaustão",base
70,Apto,Varanda,8.0,2Q+1B,Médio,"Varanda living: fechamento com cortina de vidro (se permitido), piso porcelanato externo, iluminação pendente, tomadas para churrasqueira elétrica e bancada de apoio",expandido
71,Apto,Varanda,4.0,2Q+1B,Médio,"Varanda living: fechamento com cortina de vidro (se permitido), piso porcelanato externo, iluminação pendente, tomadas para churrasqueira elétrica e bancada de apoio",expandido
72,Apto,Varanda,6.0,2Q+1B,Médio,"Varanda living: fechamento com cortina de vidro (se permitido), piso porcelanato externo, iluminação pendente, tomadas para churrasqueira elétrica e bancada de apoio",base
73,Apto,Varanda gourmet,8,3Q+2B,Luxo,"Espaço gourmet: churrasqueira a gás ou elétrica, bancada em granito, cuba, armários, revestimento diferenciado, iluminação cênica e teto rebaixado com gesso",expandido
74,Apto,Varanda gourmet,10.0,3Q+2B,Luxo,"Espaço gourmet: churrasqueira a gás ou elétrica, bancada em granito, cuba, armários, revestimento diferenciado, iluminação cênica e teto rebaixado com gesso",base
75,Apto,Varanda gourmet,14.0,3Q+2B,Luxo,"Espaço gourmet: churrasqueira a gás ou elétrica, bancada em granito, cuba, armários, revestimento diferenciado, iluminação cênica e teto rebaixado com gesso",expandido
76,Apto,Home office,9.0,2Q+1B,Médio,"Escritório em casa: bancada longa, iluminação de tarefa, tomadas múltiplas, cabeamento organizado, tratamento acústico leve e pintura neutra focada em produtividade",base
77,Apto,Home office,13.0,2Q+1B,Médio,"Escritório em casa: bancada longa, iluminação de tarefa, tomadas múltiplas, cabeamento organizado, tratamento acústico leve e pintura neutra focada em produtividade",expandido
78,Apto,Home office,6.0,2Q+1B,Médio,"Escritório em casa: bancada longa, iluminação de tarefa, tomadas múltiplas, cabeamento organizado, tratamento acústico leve e pintura neutra focada em produtividade",expandido
79,Apto,Home office,8.0,1Q+1B,Popular,"Cantinho de trabalho: bancada simples, iluminação de mesa, tomadas para computador e cadeira ergonômica básica",expandido
80,Apto,Home office,4.0,1Q+1B,Popular,"Cantinho de trabalho: bancada simples, iluminação de mesa, tomadas para computador e cadeira ergonômica básica",expandido
81,Apto,Home office,6.0,1Q+1B,Popular,"Cantinho de trabalho: bancada simples, iluminação de mesa, tomadas para computador e cadeira ergonômica básica",base
82,Apto,Geral,63.0,2Q+1B,Popular,"Reforma rápida apartamento: pintura geral (paredes e tetos), troca de luminárias por LED, revisão de tomadas/interruptores, rejuntes novos e pequenos reparos",expandido
83,Apto,Geral,45.0,2Q+1B,Popular,"Reforma rápida apartamento: pintura geral (paredes e tetos), troca de luminárias por LED, revisão de tomadas/interruptores, rejuntes novos e pequenos reparos",base
84,Apto,Geral,31.0,2Q+1B,Popular,"Reforma rápida apartamento: pintura geral (paredes e tetos), troca de luminárias por LED, revisão de tomadas/interruptores, rejuntes novos e pequenos reparos",expandido
85,Apto,Geral,77.0,3Q+2B,Médio,"Reforma pré-entrega: pintura completa, troca de pisos áreas sociais, revisão elétrica, silicones/rejuntes novos, louças sanitárias e pequenos reparos de acabamento",expandido
86,Apto,Geral,38.0,3Q+2B,Médio,"Reforma pré-entrega: pintura completa, troca de pisos áreas sociais, revisão elétrica, silicones/rejuntes novos, louças sanitárias e pequenos reparos de acabamento",expandido
87,Apto,Geral,55.0,3Q+2B,Médio,"Reforma pré-entrega: pintura completa, troca de pisos áreas sociais, revisão elétrica, silicones/rejuntes novos, louças sanitárias e pequenos reparos de acabamento",base
88,Apto,Geral,49.0,3Q+2B,Luxo,"Reforma completa alto padrão: demolição e reconstrução de acabamentos, novo projeto de iluminação, marcenaria integrada, automação básica (iluminação e persianas) e materiais premium",expandido
89,Apto,Geral,98.0,3Q+2B,Luxo,"Reforma completa alto padrão: demolição e reconstrução de acabamentos, novo projeto de iluminação, marcenaria integrada, automação básica (iluminação e persianas) e materiais premium",expandido
90,Apto,Geral,70.0,3Q+2B,Luxo,"Reforma completa alto padrão: demolição e reconstrução de acabamentos, novo projeto de iluminação, marcenaria integrada, automação básica (iluminação e persianas) e materiais premium",base
91,Apto,Geral,49.0,1Q+1B,Popular,"Reforma studio: pintura, piso único, iluminação integrada, cozinha compacta e banheiro funcional",expandido
92,Apto,Geral,35.0,1Q+1B,Popular,"Reforma studio: pintura, piso único, iluminação integrada, cozinha compacta e banheiro funcional",base
93,Apto,Geral,30,1Q+1B,Popular,"Reforma studio: pintura, piso único, iluminação integrada, cozinha compacta e banheiro funcional",expandido
94,Apto,Elétrica geral,42.0,3Q+2B,Médio,"Adequação elétrica: troca de quadro, disjuntores novos, DR e DPS, identificação de circuitos, novos pontos de tomada/iluminação e aterramento conforme norma",expandido
95,Apto,Elétrica geral,60.0,3Q+2B,Médio,"Adequação elétrica: troca de quadro, disjuntores novos, DR e DPS, identificação de circuitos, novos pontos de tomada/iluminação e aterramento conforme norma",base
96,Apto,Elétrica geral,84.0,3Q+2B,Médio,"Adequação elétrica: troca de quadro, disjuntores novos, DR e DPS, identificação de circuitos, novos pontos de tomada/iluminação e aterramento conforme norma",expandido
97,Apto,Hidráulica geral,77.0,3Q+2B,Médio,"Revisão hidráulica: troca de registros gerais e de pressão, flexíveis novos, sifões, válvulas de descarga e testes de estanqueidade sem quebra de paredes",expandido
98,Apto,Hidráulica geral,38.0,3Q+2B,Médio,"Revisão hidráulica: troca de registros gerais e de pressão, flexíveis novos, sifões, válvulas de descarga e testes de estanqueidade sem quebra de paredes",expandido
99,Apto,Hidráulica geral,55.0,3Q+2B,Médio,"Revisão hidráulica: troca de registros gerais e de pressão, flexíveis novos, sifões, válvulas de descarga e testes de estanqueidade sem quebra de paredes",base
100,Casa,Banheiro,4.0,2Q+1B,Popular,"Banheiro simples: demolição, impermeabilização básica, cerâmica padrão, louças/metais econômicos, box acrílico e pintura de teto",expandido
101,Casa,Banheiro,5.0,2Q+1B,Popular,"Banheiro simples: demolição, impermeabilização básica, cerâmica padrão, louças/metais econômicos, box acrílico e pintura de teto",base
102,Casa,Banheiro,7.0,2Q+1B,Popular,"Banheiro simples: demolição, impermeabilização básica, cerâmica padrão, louças/metais econômicos, box acrílico e pintura de teto",expandido
103,Casa,Banheiro,8.0,3Q+2B,Médio,"Banheiro completo casa: demolição, impermeabilização com manta, porcelanato, nicho em alvenaria, metais de qualidade, box de vidro 8mm e exaustor",expandido
104,Casa,Banheiro,4.0,3Q+2B,Médio,"Banheiro completo casa: demolição, impermeabilização com manta, porcelanato, nicho em alvenaria, metais de qualidade, box de vidro 8mm e exaustor",expandido
105,Casa,Banheiro,6.0,3Q+2B,Médio,"Banheiro completo casa: demolição, impermeabilização com manta, porcelanato, nicho em alvenaria, metais de qualidade, box de vidro 8mm e exaustor",base
106,Casa,Banheiro suíte,8.0,4Q+3B,Luxo,"Suíte master spa: banheira de imersão (se layout permitir), ducha com cromoterapia, bancada dupla, espelho de parede inteira, iluminação cênica e aquecimento de piso",base
107,Casa,Lavabo,2.0,3Q+2B,Luxo,"Lavabo social: bancada diferenciada, cuba artesanal, torneira de design, revestimento 3D ou papel de parede especial, espelho decorativo e iluminação pontual",expandido
108,Casa,Lavabo,3.0,3Q+2B,Luxo,"Lavabo social: bancada diferenciada, cuba artesanal, torneira de design, revestimento 3D ou papel de parede especial, espelho decorativo e iluminação pontual",base
109,Casa,Lavabo,4,3Q+2B,Luxo,"Lavabo social: bancada diferenciada, cuba artesanal, torneira de design, revestimento 3D ou papel de parede especial, espelho decorativo e iluminação pontual",expandido
110,Casa,Banheiro,3.0,2Q+1B,Popular,"Banheiro econômico casa: pintura de azulejos, troca de louças básicas, rejunte novo, torneira econômica e box simples",expandido
111,Casa,Banheiro,6.0,2Q+1B,Popular,"Banheiro econômico casa: pintura de azulejos, troca de louças básicas, rejunte novo, torneira econômica e box simples",expandido
112,Casa,Banheiro social,4.0,3Q+2B,Médio,"Banheiro de visitas: revestimento cerâmico, louças padrão, espelho com moldura, iluminação adequada e ventilação",expandido
113,Casa,Banheiro social,5.0,3Q+2B,Médio,"Banheiro de visitas: revestimento cerâmico, louças padrão, espelho com moldura, iluminação adequada e ventilação",base
114,Casa,Banheiro social,7.0,3Q+2B,Médio,"Banheiro de visitas: revestimento cerâmico, louças padrão, espelho com moldura, iluminação adequada e ventilação",expandido
115,Casa,Quarto,10.0,2Q+1B,Popular,"Quarto casa: pintura, piso laminado econômico, rodapé, luminárias novas e revisão de tomadas",expandido
116,Casa,Quarto,20.0,2Q+1B,Popular,"Quarto casa: pintura, piso laminado econômico, rodapé, luminárias novas e revisão de tomadas",expandido
117,Casa,Quarto,14.0,2Q+1B,Popular,"Quarto casa: pintura, piso laminado econômico, rodapé, luminárias novas e revisão de tomadas",base
118,Casa,Quarto,16.0,3Q+2B,Médio,"Quarto completo: piso vinílico premium, pintura especial, iluminação com dimmer, cabeceira estofada e closet linear com portas de correr",base
119,Casa,Quarto,11.0,3Q+2B,Médio,"Quarto completo: piso vinílico premium, pintura especial, iluminação com dimmer, cabeceira estofada e closet linear com portas de correr",expandido
120,Casa,Quarto,22.0,3Q+2B,Médio,"Quarto completo: piso vinílico premium, pintura especial, iluminação com dimmer, cabeceira estofada e closet linear com portas de correr",expandido
121,Casa,Suíte master,16,4Q+3B,Luxo,"Suíte completa: piso de madeira maciça, painel ripado, closet iluminado com espelho, automação de cortinas/iluminação e integração com banheiro premium",expandido
122,Casa,Suíte master,20.0,4Q+3B,Luxo,"Suíte completa: piso de madeira maciça, painel ripado, closet iluminado com espelho, automação de cortinas/iluminação e integração com banheiro premium",base
123,Casa,Suíte master,28.0,4Q+3B,Luxo,"Suíte completa: piso de madeira maciça, painel ripado, closet iluminado com espelho, automação de cortinas/iluminação e integração com banheiro premium",expandido
124,Casa,Quarto solteiro,8.0,3Q+2B,Popular,"Quarto de solteiro: pintura, piso vinílico básico, luminárias LED, tomadas para computador e móveis modulados simples",expandido
125,Casa,Quarto solteiro,12.0,3Q+2B,Popular,"Quarto de solteiro: pintura, piso vinílico básico, luminárias LED, tomadas para computador e móveis modulados simples",base
126,Casa,Quarto solteiro,15,3Q+2B,Popular,"Quarto de solteiro: pintura, piso vinílico básico, luminárias LED, tomadas para computador e móveis modulados simples",expandido
127,Casa,Quarto hóspedes,10.0,3Q+2B,Médio,"Quarto de hóspedes casa: pintura neutra, piso laminado, ar-condicionado, iluminação agradável e armário embutido",expandido
128,Casa,Quarto hóspedes,18,3Q+2B,Médio,"Quarto de hóspedes casa: pintura neutra, piso laminado, ar-condicionado, iluminação agradável e armário embutido",expandido
129,Casa,Quarto hóspedes,14.0,3Q+2B,Médio,"Quarto de hóspedes casa: pintura neutra, piso laminado, ar-condicionado, iluminação agradável e armário embutido",base
130,Casa,Quarto empregada,8.0,4Q+3B,Popular,"Dependência de empregada: pintura, piso cerâmico, iluminação básica, tomadas e revisão de banheiro anexo",base
131,Casa,Quarto empregada,11.0,4Q+3B,Popular,"Dependência de empregada: pintura, piso cerâmico, iluminação básica, tomadas e revisão de banheiro anexo",expandido
132,Casa,Quarto empregada,6,4Q+3B,Popular,"Dependência de empregada: pintura, piso cerâmico, iluminação básica, tomadas e revisão de banheiro anexo",expandido
133,Casa,Cozinha,8.0,2Q+1B,Popular,"Cozinha casa: pintura lavável, revestimento cerâmico, bancada granito, cuba inox simples, torneira funcional e armários básicos",expandido
134,Casa,Cozinha,17.0,2Q+1B,Popular,"Cozinha casa: pintura lavável, revestimento cerâmico, bancada granito, cuba inox simples, torneira funcional e armários básicos",expandido
135,Casa,Cozinha,12.0,2Q+1B,Popular,"Cozinha casa: pintura lavável, revestimento cerâmico, bancada granito, cuba inox simples, torneira funcional e armários básicos",base
136,Casa,Cozinha,16.0,3Q+2B,Médio,"Cozinha família: porcelanato, bancada quartzo em L, marcenaria com despensa, torre quente, iluminação de tarefa e coifa",base
137,Casa,Cozinha,11.0,3Q+2B,Médio,"Cozinha família: porcelanato, bancada quartzo em L, marcenaria com despensa, torre quente, iluminação de tarefa e coifa",expandido
138,Casa,Cozinha,22.0,3Q+2B,Médio,"Cozinha família: porcelanato, bancada quartzo em L, marcenaria com despensa, torre quente, iluminação de tarefa e coifa",expandido
139,Casa,Cozinha,30,4Q+3B,Luxo,"Cozinha gourmet casa: ilha central com cooktop, bancada quartzo ou granito premium, marcenaria com sistema de organização, iluminação em perfis, eletros embutidos de alto padrão",expandido
140,Casa,Cozinha,22.0,4Q+3B,Luxo,"Cozinha gourmet casa: ilha central com cooktop, bancada quartzo ou granito premium, marcenaria com sistema de organização, iluminação em perfis, eletros embutidos de alto padrão",base
141,Casa,Cozinha,15.0,4Q+3B,Luxo,"Cozinha gourmet casa: ilha central com cooktop, bancada quartzo ou granito premium, marcenaria com sistema de organização, iluminação em perfis, eletros embutidos de alto padrão",expandido
142,Casa,Copa,8.0,3Q+2B,Médio,"Copa separada: bancada de apoio, armários, mesa pequena para refeições rápidas, iluminação e piso cerâmico",base
143,Casa,Copa,11.0,3Q+2B,Médio,"Copa separada: bancada de apoio, armários, mesa pequena para refeições rápidas, iluminação e piso cerâmico",expandido
144,Casa,Copa,6,3Q+2B,Médio,"Copa separada: bancada de apoio, armários, mesa pequena para refeições rápidas, iluminação e piso cerâmico",expandido
145,Casa,Sala,25.0,2Q+1B,Popular,"Sala casa: pintura, piso laminado, luminárias básicas e organização de cabos TV/internet",base
146,Casa,Sala,18.0,2Q+1B,Popular,"Sala casa: pintura, piso laminado, luminárias básicas e organização de cabos TV/internet",expandido
147,Casa,Sala,35.0,2Q+1B,Popular,"Sala casa: pintura, piso laminado, luminárias básicas e organização de cabos TV/internet",expandido
148,Casa,Sala,24.0,3Q+2B,Médio,"Sala de estar/jantar: porcelanato, forro de gesso acartonado, iluminação setorizada, painel de TV integrado e cortineiro embutido",expandido
149,Casa,Sala,49.0,3Q+2B,Médio,"Sala de estar/jantar: porcelanato, forro de gesso acartonado, iluminação setorizada, painel de TV integrado e cortineiro embutido",expandido
150,Casa,Sala,35.0,3Q+2B,Médio,"Sala de estar/jantar: porcelanato, forro de gesso acartonado, iluminação setorizada, painel de TV integrado e cortineiro embutido",base
151,Casa,Living integrado,40,4Q+3B,Luxo,"Living completo: porcelanato grande formato, pé-direito duplo (se existente) com luminária pendente, lareira ecológica, automação completa e marcenaria de TV premium",expandido
152,Casa,Living integrado,50.0,4Q+3B,Luxo,"Living completo: porcelanato grande formato, pé-direito duplo (se existente) com luminária pendente, lareira ecológica, automação completa e marcenaria de TV premium",base
153,Casa,Living integrado,70.0,4Q+3B,Luxo,"Living completo: porcelanato grande formato, pé-direito duplo (se existente) com luminária pendente, lareira ecológica, automação completa e marcenaria de TV premium",expandido
154,Casa,Sala,20.0,3Q+2B,Popular,"Sala família: pintura, piso cerâmico, luminárias LED e organização de móveis",base
155,Casa,Sala,28.0,3Q+2B,Popular,"Sala família: pintura, piso cerâmico, luminárias LED e organização de móveis",expandido
156,Casa,Sala,14.0,3Q+2B,Popular,"Sala família: pintura, piso cerâmico, luminárias LED e organização de móveis",expandido
157,Casa,Lavanderia,8.0,2Q+1B,Popular,"Área de serviço casa: piso cerâmico, tanque, bancada simples, prateleiras e varal",base
158,Casa,Lavanderia,11.0,2Q+1B,Popular,"Área de serviço casa: piso cerâmico, tanque, bancada simples, prateleiras e varal",expandido
159,Casa,Lavanderia,6.0,2Q+1B,Popular,"Área de serviço casa: piso cerâmico, tanque, bancada simples, prateleiras e varal",expandido
160,Casa,Lavanderia,8.0,3Q+2B,Médio,"Lavanderia completa: piso porcelanato, armários planejados, bancada com cuba, espaço para lava e seca, iluminação adequada e ventilação natural ou mecânica",expandido
161,Casa,Lavanderia,12.0,3Q+2B,Médio,"Lavanderia completa: piso porcelanato, armários planejados, bancada com cuba, espaço para lava e seca, iluminação adequada e ventilação natural ou mecânica",base
162,Casa,Lavanderia,15,3Q+2B,Médio,"Lavanderia completa: piso porcelanato, armários planejados, bancada com cuba, espaço para lava e seca, iluminação adequada e ventilação natural ou mecânica",expandido
163,Casa,Área gourmet,20.0,3Q+2B,Médio,"Espaço gourmet: churrasqueira em alvenaria ou pré-moldada, bancada, cuba, armários, revestimento resistente, iluminação e piso antiderrapante",base
164,Casa,Área gourmet,28.0,3Q+2B,Médio,"Espaço gourmet: churrasqueira em alvenaria ou pré-moldada, bancada, cuba, armários, revestimento resistente, iluminação e piso antiderrapante",expandido
165,Casa,Área gourmet,15,3Q+2B,Médio,"Espaço gourmet: churrasqueira em alvenaria ou pré-moldada, bancada, cuba, armários, revestimento resistente, iluminação e piso antiderrapante",expandido
166,Casa,Área gourmet,42.0,4Q+3B,Luxo,"Área gourmet premium: churrasqueira argentina, forno de pizza (se viável), bancada em granito, geladeira embutida, iluminação cênica e pergolado decorativo",expandido
167,Casa,Área gourmet,21.0,4Q+3B,Luxo,"Área gourmet premium: churrasqueira argentina, forno de pizza (se viável), bancada em granito, geladeira embutida, iluminação cênica e pergolado decorativo",expandido
168,Casa,Área gourmet,30.0,4Q+3B,Luxo,"Área gourmet premium: churrasqueira argentina, forno de pizza (se viável), bancada em granito, geladeira embutida, iluminação cênica e pergolado decorativo",base
169,Casa,Varanda,10.0,3Q+2B,Médio,"Varanda casa: piso externo, guarda-corpo novo, iluminação, tomadas e pintura de paredes/teto",expandido
170,Casa,Varanda,20,3Q+2B,Médio,"Varanda casa: piso externo, guarda-corpo novo, iluminação, tomadas e pintura de paredes/teto",expandido
171,Casa,Varanda,15.0,3Q+2B,Médio,"Varanda casa: piso externo, guarda-corpo novo, iluminação, tomadas e pintura de paredes/teto",base
172,Casa,Varanda,10.0,2Q+1B,Popular,"Varanda simples: pintura, piso cerâmico externo, iluminação básica e guarda-corpo revisado",base
173,Casa,Varanda,14.0,2Q+1B,Popular,"Varanda simples: pintura, piso cerâmico externo, iluminação básica e guarda-corpo revisado",expandido
174,Casa,Varanda,7.0,2Q+1B,Popular,"Varanda simples: pintura, piso cerâmico externo, iluminação básica e guarda-corpo revisado",expandido
175,Casa,Garagem,42.0,2Q+1B,Popular,"Garagem organizada: pintura de piso (tinta específica), demarcações, prateleiras metálicas e iluminação funcional",expandido
176,Casa,Garagem,21.0,2Q+1B,Popular,"Garagem organizada: pintura de piso (tinta específica), demarcações, prateleiras metálicas e iluminação funcional",expandido
177,Casa,Garagem,30.0,2Q+1B,Popular,"Garagem organizada: pintura de piso (tinta específica), demarcações, prateleiras metálicas e iluminação funcional",base
178,Casa,Garagem,40.0,3Q+2B,Médio,"Garagem funcional: pintura epóxi, armários de parede, bancada de trabalho, iluminação LED e tomadas para ferramentas",base
179,Casa,Garagem,56.0,3Q+2B,Médio,"Garagem funcional: pintura epóxi, armários de parede, bancada de trabalho, iluminação LED e tomadas para ferramentas",expandido
180,Casa,Garagem,28.0,3Q+2B,Médio,"Garagem funcional: pintura epóxi, armários de parede, bancada de trabalho, iluminação LED e tomadas para ferramentas",expandido
181,Casa,Quintal,50.0,2Q+1B,Popular,"Quintal básico: nivelamento, grama ou piso intertravado, drenagem superficial e iluminação de segurança",base
182,Casa,Quintal,35.0,2Q+1B,Popular,"Quintal básico: nivelamento, grama ou piso intertravado, drenagem superficial e iluminação de segurança",expandido
183,Casa,Quintal,70.0,2Q+1B,Popular,"Quintal básico: nivelamento, grama ou piso intertravado, drenagem superficial e iluminação de segurança",expandido
184,Casa,Quintal/jardim,56.0,3Q+2B,Médio,"Paisagismo leve: canteiros, plantio, irrigação básica, iluminação de jardim, deck de madeira ou WPC e mobiliário externo",expandido
185,Casa,Quintal/jardim,80.0,3Q+2B,Médio,"Paisagismo leve: canteiros, plantio, irrigação básica, iluminação de jardim, deck de madeira ou WPC e mobiliário externo",base
186,Casa,Quintal/jardim,112.0,3Q+2B,Médio,"Paisagismo leve: canteiros, plantio, irrigação básica, iluminação de jardim, deck de madeira ou WPC e mobiliário externo",expandido
187,Casa,Fachada,42.0,2Q+1B,Popular,"Fachada casa: pintura externa com tratamento de fissuras, selagem de esquadrias, limpeza de telhado e revisão de calhas",expandido
188,Casa,Fachada,60.0,2Q+1B,Popular,"Fachada casa: pintura externa com tratamento de fissuras, selagem de esquadrias, limpeza de telhado e revisão de calhas",base
189,Casa,Fachada,84.0,2Q+1B,Popular,"Fachada casa: pintura externa com tratamento de fissuras, selagem de esquadrias, limpeza de telhado e revisão de calhas",expandido
190,Casa,Fachada,56.0,3Q+2B,Médio,"Renovação de fachada: pintura texturizada, troca de esquadrias por alumínio, revestimento de muro, iluminação de destaque e paisagismo frontal",expandido
191,Casa,Fachada,80.0,3Q+2B,Médio,"Renovação de fachada: pintura texturizada, troca de esquadrias por alumínio, revestimento de muro, iluminação de destaque e paisagismo frontal",base
192,Casa,Fachada,112.0,3Q+2B,Médio,"Renovação de fachada: pintura texturizada, troca de esquadrias por alumínio, revestimento de muro, iluminação de destaque e paisagismo frontal",expandido
193,Casa,Muros e portão,40.0,2Q+1B,Popular,"Muros externos: pintura, correção de ferrugem em grades/portão, instalação de motor de portão e iluminação de entrada",base
194,Casa,Muros e portão,56.0,2Q+1B,Popular,"Muros externos: pintura, correção de ferrugem em grades/portão, instalação de motor de portão e iluminação de entrada",expandido
195,Casa,Muros e portão,28.0,2Q+1B,Popular,"Muros externos: pintura, correção de ferrugem em grades/portão, instalação de motor de portão e iluminação de entrada",expandido
196,Casa,Muros e portão,42.0,3Q+2B,Médio,"Entrada valorizada: revestimento de muro (cerâmica ou pedra), portão automatizado, iluminação de balizamento, câmeras e paisagismo",expandido
197,Casa,Muros e portão,60.0,3Q+2B,Médio,"Entrada valorizada: revestimento de muro (cerâmica ou pedra), portão automatizado, iluminação de balizamento, câmeras e paisagismo",base
198,Casa,Muros e portão,84.0,3Q+2B,Médio,"Entrada valorizada: revestimento de muro (cerâmica ou pedra), portão automatizado, iluminação de balizamento, câmeras e paisagismo",expandido
199,Casa,Escada,10.0,3Q+2B,Médio,"Escada interna: revestimento de degraus (porcelanato ou madeira), corrimão novo, iluminação de balizamento e pintura de paredes",base
200,Casa,Escada,14.0,3Q+2B,Médio,"Escada interna: revestimento de degraus (porcelanato ou madeira), corrimão novo, iluminação de balizamento e pintura de paredes",expandido
201,Casa,Escada,7.0,3Q+2B,Médio,"Escada interna: revestimento de degraus (porcelanato ou madeira), corrimão novo, iluminação de balizamento e pintura de paredes",expandido
202,Casa,Escada,10.0,4Q+3B,Luxo,"Escada premium: degraus em mármore ou granito, guarda-corpo em vidro/inox, iluminação embutida nos degraus e pintura de parede lateral",expandido
203,Casa,Escada,20,4Q+3B,Luxo,"Escada premium: degraus em mármore ou granito, guarda-corpo em vidro/inox, iluminação embutida nos degraus e pintura de parede lateral",expandido
204,Casa,Escada,15.0,4Q+3B,Luxo,"Escada premium: degraus em mármore ou granito, guarda-corpo em vidro/inox, iluminação embutida nos degraus e pintura de parede lateral",base
205,Casa,Telhado,140.0,2Q+1B,Popular,"Manutenção de telhado: troca de telhas quebradas, revisão de cumeeiras, limpeza de calhas, vedação de rufos sem troca de estrutura",expandido
206,Casa,Telhado,100.0,2Q+1B,Popular,"Manutenção de telhado: troca de telhas quebradas, revisão de cumeeiras, limpeza de calhas, vedação de rufos sem troca de estrutura",base
207,Casa,Telhado,70.0,2Q+1B,Popular,"Manutenção de telhado: troca de telhas quebradas, revisão de cumeeiras, limpeza de calhas, vedação de rufos sem troca de estrutura",expandido
208,Casa,Telhado,120.0,3Q+2B,Médio,"Reforma de cobertura: troca de telhas, revisão de madeiramento, subcobertura básica, troca de calhas/condutores e rufos novos",base
209,Casa,Telhado,84.0,3Q+2B,Médio,"Reforma de cobertura: troca de telhas, revisão de madeiramento, subcobertura básica, troca de calhas/condutores e rufos novos",expandido
210,Casa,Telhado,168.0,3Q+2B,Médio,"Reforma de cobertura: troca de telhas, revisão de madeiramento, subcobertura básica, troca de calhas/condutores e rufos novos",expandido
211,Casa,Telhado,105.0,4Q+3B,Luxo,"Cobertura nova: troca total de telhas e madeiramento, tratamento anti-cupim, subcobertura térmica, calhas e condutores dimensionados e teste de estanqueidade",expandido
212,Casa,Telhado,210.0,4Q+3B,Luxo,"Cobertura nova: troca total de telhas e madeiramento, tratamento anti-cupim, subcobertura térmica, calhas e condutores dimensionados e teste de estanqueidade",expandido
213,Casa,Telhado,150.0,4Q+3B,Luxo,"Cobertura nova: troca total de telhas e madeiramento, tratamento anti-cupim, subcobertura térmica, calhas e condutores dimensionados e teste de estanqueidade",base
214,Casa,Telhado,56.0,2Q+1B,Popular,"Telhado manutenção emergencial: conserto de vazamentos, troca pontual de telhas, vedação de rufos e limpeza de calhas",expandido
215,Casa,Telhado,80.0,2Q+1B,Popular,"Telhado manutenção emergencial: conserto de vazamentos, troca pontual de telhas, vedação de rufos e limpeza de calhas",base
216,Casa,Telhado,112.0,2Q+1B,Popular,"Telhado manutenção emergencial: conserto de vazamentos, troca pontual de telhas, vedação de rufos e limpeza de calhas",expandido
217,Casa,Telhado manta,90.0,3Q+2B,Médio,"Telhado com manta: colocação de manta asfáltica, proteção mecânica e revisão de escoamento",base
218,Casa,Telhado manta,126.0,3Q+2B,Médio,"Telhado com manta: colocação de manta asfáltica, proteção mecânica e revisão de escoamento",expandido
219,Casa,Telhado manta,63.0,3Q+2B,Médio,"Telhado com manta: colocação de manta asfáltica, proteção mecânica e revisão de escoamento",expandido
220,Casa,Geral,140.0,2Q+1B,Popular,"Reforma geral casa popular: pintura interna/externa, revisão elétrica, pequenos reparos hidráulicos, troca de luminárias e ajustes de portas/janelas",expandido
221,Casa,Geral,100.0,2Q+1B,Popular,"Reforma geral casa popular: pintura interna/externa, revisão elétrica, pequenos reparos hidráulicos, troca de luminárias e ajustes de portas/janelas",base
222,Casa,Geral,70.0,2Q+1B,Popular,"Reforma geral casa popular: pintura interna/externa, revisão elétrica, pequenos reparos hidráulicos, troca de luminárias e ajustes de portas/janelas",expandido
223,Casa,Geral,105.0,3Q+2B,Médio,"Reforma completa casa: pintura, troca de pisos áreas sociais, reforma de banheiros, atualização elétrica, marcenaria de cozinha e iluminação",expandido
224,Casa,Geral,210.0,3Q+2B,Médio,"Reforma completa casa: pintura, troca de pisos áreas sociais, reforma de banheiros, atualização elétrica, marcenaria de cozinha e iluminação",expandido
225,Casa,Geral,150.0,3Q+2B,Médio,"Reforma completa casa: pintura, troca de pisos áreas sociais, reforma de banheiros, atualização elétrica, marcenaria de cozinha e iluminação",base
226,Casa,Geral,200.0,4Q+3B,Luxo,"Retrofit completo: demolição de acabamentos, novo projeto de interiores, materiais premium, automação residencial, paisagismo e iluminação cênica",base
227,Casa,Geral,280.0,4Q+3B,Luxo,"Retrofit completo: demolição de acabamentos, novo projeto de interiores, materiais premium, automação residencial, paisagismo e iluminação cênica",expandido
228,Casa,Geral,140.0,4Q+3B,Luxo,"Retrofit completo: demolição de acabamentos, novo projeto de interiores, materiais premium, automação residencial, paisagismo e iluminação cênica",expandido
229,Casa,Geral,49.0,2Q+1B,Popular,"Reforma casa simples: pintura, revisão elétrica básica, troca de luminárias e pequenos reparos",expandido
230,Casa,Geral,98.0,2Q+1B,Popular,"Reforma casa simples: pintura, revisão elétrica básica, troca de luminárias e pequenos reparos",expandido
231,Casa,Hidráulica geral,120.0,3Q+2B,Médio,"Adequação hidráulica: troca de registros, colunas de água fria (se acessível), caixa d'água nova, pressurização e testes",base
232,Casa,Hidráulica geral,84.0,3Q+2B,Médio,"Adequação hidráulica: troca de registros, colunas de água fria (se acessível), caixa d'água nova, pressurização e testes",expandido
233,Casa,Hidráulica geral,168.0,3Q+2B,Médio,"Adequação hidráulica: troca de registros, colunas de água fria (se acessível), caixa d'água nova, pressurização e testes",expandido
234,Casa,Elétrica geral,120.0,3Q+2B,Médio,"Adequação elétrica completa: novo quadro bifásico/trifásico, circuitos separados, aterramento, tomadas novas e iluminação LED",base
235,Casa,Elétrica geral,84.0,3Q+2B,Médio,"Adequação elétrica completa: novo quadro bifásico/trifásico, circuitos separados, aterramento, tomadas novas e iluminação LED",expandido
236,Casa,Elétrica geral,168.0,3Q+2B,Médio,"Adequação elétrica completa: novo quadro bifásico/trifásico, circuitos separados, aterramento, tomadas novas e iluminação LED",expandido
237,Casa,Elétrica geral,56.0,2Q+1B,Popular,"Revisão elétrica básica: troca de disjuntores, revisão de fiação, tomadas e interruptores novos",expandido
238,Casa,Elétrica geral,80.0,2Q+1B,Popular,"Revisão elétrica básica: troca de disjuntores, revisão de fiação, tomadas e interruptores novos",base
239,Casa,Elétrica geral,112.0,2Q+1B,Popular,"Revisão elétrica básica: troca de disjuntores, revisão de fiação, tomadas e interruptores novos",expandido
240,Casa,Aquecimento,10.0,3Q+2B,Médio,"Sistema de água quente: instalação de aquecedor a gás de passagem, adequação de pontos, ventilação e testes de segurança",base
241,Casa,Aquecimento,14.0,3Q+2B,Médio,"Sistema de água quente: instalação de aquecedor a gás de passagem, adequação de pontos, ventilação e testes de segurança",expandido
242,Casa,Aquecimento,7.0,3Q+2B,Médio,"Sistema de água quente: instalação de aquecedor a gás de passagem, adequação de pontos, ventilação e testes de segurança",expandido
243,Casa,Aquecimento solar,10.0,3Q+2B,Luxo,"Aquecimento solar: instalação de placas coletoras, boiler, tubulação de cobre isolada e integração com backup elétrico/gás",expandido
244,Casa,Aquecimento solar,21.0,3Q+2B,Luxo,"Aquecimento solar: instalação de placas coletoras, boiler, tubulação de cobre isolada e integração com backup elétrico/gás",expandido
245,Casa,Aquecimento solar,15.0,3Q+2B,Luxo,"Aquecimento solar: instalação de placas coletoras, boiler, tubulação de cobre isolada e integração com backup elétrico/gás",base
246,Escritório,Recepção,25.0,0Q+1B,Comercial,"Recepção corporativa: balcão novo, painel de marca, iluminação de destaque, piso vinílico de alto tráfego, pintura e sinalização",base
247,Escritório,Recepção,18.0,0Q+1B,Comercial,"Recepção corporativa: balcão novo, painel de marca, iluminação de destaque, piso vinílico de alto tráfego, pintura e sinalização",expandido
248,Escritório,Recepção,35.0,0Q+1B,Comercial,"Recepção corporativa: balcão novo, painel de marca, iluminação de destaque, piso vinílico de alto tráfego, pintura e sinalização",expandido
249,Escritório,Recepção,40.0,0Q+2B,Comercial,"Recepção premium: balcão em MDF laqueado, parede de destaque com logo retroiluminado, sofás de espera, piso porcelanato polido e iluminação arquitetural",base
250,Escritório,Recepção,56.0,0Q+2B,Comercial,"Recepção premium: balcão em MDF laqueado, parede de destaque com logo retroiluminado, sofás de espera, piso porcelanato polido e iluminação arquitetural",expandido
251,Escritório,Recepção,28.0,0Q+2B,Comercial,"Recepção premium: balcão em MDF laqueado, parede de destaque com logo retroiluminado, sofás de espera, piso porcelanato polido e iluminação arquitetural",expandido
252,Escritório,Open space,56.0,0Q+2B,Comercial,"Escritório aberto: reorganização de layout, estações de trabalho, cabeamento estruturado, iluminação setorizada e tratamento acústico básico",expandido
253,Escritório,Open space,80.0,0Q+2B,Comercial,"Escritório aberto: reorganização de layout, estações de trabalho, cabeamento estruturado, iluminação setorizada e tratamento acústico básico",base
254,Escritório,Open space,112.0,0Q+2B,Comercial,"Escritório aberto: reorganização de layout, estações de trabalho, cabeamento estruturado, iluminação setorizada e tratamento acústico básico",expandido
255,Escritório,Open space,105.0,0Q+4B,Comercial,"Open office completo: piso carpete modular, divisórias baixas, iluminação LED linear, infraestrutura elétrica/dados, sala de descompressão e copa integrada",expandido
256,Escritório,Open space,210.0,0Q+4B,Comercial,"Open office completo: piso carpete modular, divisórias baixas, iluminação LED linear, infraestrutura elétrica/dados, sala de descompressão e copa integrada",expandido
257,Escritório,Open space,150.0,0Q+4B,Comercial,"Open office completo: piso carpete modular, divisórias baixas, iluminação LED linear, infraestrutura elétrica/dados, sala de descompressão e copa integrada",base
258,Escritório,Sala de reunião,20.0,0Q+1B,Comercial,"Sala de reunião: mesa para 8, iluminação adequada, TV/projetor, passa-cabos na mesa, tratamento acústico leve e pintura neutra",base
259,Escritório,Sala de reunião,28.0,0Q+1B,Comercial,"Sala de reunião: mesa para 8, iluminação adequada, TV/projetor, passa-cabos na mesa, tratamento acústico leve e pintura neutra",expandido
260,Escritório,Sala de reunião,14.0,0Q+1B,Comercial,"Sala de reunião: mesa para 8, iluminação adequada, TV/projetor, passa-cabos na mesa, tratamento acústico leve e pintura neutra",expandido
261,Escritório,Sala de reunião,24.0,0Q+2B,Comercial,"Sala de reunião premium: mesa para 12-14, sistema de videoconferência, iluminação para câmera, tratamento acústico completo, vidro divisório e persiana motorizada",expandido
262,Escritório,Sala de reunião,49.0,0Q+2B,Comercial,"Sala de reunião premium: mesa para 12-14, sistema de videoconferência, iluminação para câmera, tratamento acústico completo, vidro divisório e persiana motorizada",expandido
263,Escritório,Sala de reunião,35.0,0Q+2B,Comercial,"Sala de reunião premium: mesa para 12-14, sistema de videoconferência, iluminação para câmera, tratamento acústico completo, vidro divisório e persiana motorizada",base
264,Escritório,Sala de diretoria,25.0,0Q+1B,Comercial,"Diretoria: piso diferenciado (laminado ou porcelanato), iluminação de destaque, mobiliário executivo, armário integrado e pintura elegante",base
265,Escritório,Sala de diretoria,18.0,0Q+1B,Comercial,"Diretoria: piso diferenciado (laminado ou porcelanato), iluminação de destaque, mobiliário executivo, armário integrado e pintura elegante",expandido
266,Escritório,Sala de diretoria,35.0,0Q+1B,Comercial,"Diretoria: piso diferenciado (laminado ou porcelanato), iluminação de destaque, mobiliário executivo, armário integrado e pintura elegante",expandido
267,Escritório,Copa,10.0,0Q+2B,Comercial,"Copa funcional: bancada, armários, cuba, micro-ondas e geladeira embutidos, revestimento lavável, ventilação/exaustão e mesa de apoio",expandido
268,Escritório,Copa,15.0,0Q+2B,Comercial,"Copa funcional: bancada, armários, cuba, micro-ondas e geladeira embutidos, revestimento lavável, ventilação/exaustão e mesa de apoio",base
269,Escritório,Copa,21.0,0Q+4B,Comercial,"Copa/refeitório: bancada ampla, armários múltiplos, equipamentos integrados, mesas para refeição, ventilação reforçada e lixeiras seletivas",expandido
270,Escritório,Copa,15,0Q+4B,Comercial,"Copa/refeitório: bancada ampla, armários múltiplos, equipamentos integrados, mesas para refeição, ventilação reforçada e lixeiras seletivas",expandido
271,Escritório,Banheiros,8.0,0Q+2B,Comercial,"Banheiros corporativos: louças resistentes, torneiras temporizadas, revestimento durável, acessórios antivandalismo e iluminação reforçada",expandido
272,Escritório,Banheiros,17.0,0Q+2B,Comercial,"Banheiros corporativos: louças resistentes, torneiras temporizadas, revestimento durável, acessórios antivandalismo e iluminação reforçada",expandido
273,Escritório,Banheiros,12.0,0Q+2B,Comercial,"Banheiros corporativos: louças resistentes, torneiras temporizadas, revestimento durável, acessórios antivandalismo e iluminação reforçada",base
274,Escritório,Banheiros,20.0,0Q+4B,Comercial,"Banheiros PNE: adequação de acessibilidade conforme NBR 9050, barras de apoio, espaços de manobra, espelhos inclinados e sinalização tátil",base
275,Escritório,Banheiros,28.0,0Q+4B,Comercial,"Banheiros PNE: adequação de acessibilidade conforme NBR 9050, barras de apoio, espaços de manobra, espelhos inclinados e sinalização tátil",expandido
276,Escritório,Banheiros,14.0,0Q+4B,Comercial,"Banheiros PNE: adequação de acessibilidade conforme NBR 9050, barras de apoio, espaços de manobra, espelhos inclinados e sinalização tátil",expandido
277,Escritório,Área técnica,8,0Q+1B,Comercial,"Sala de servidores: piso elevado, ar-condicionado dedicado, controle de acesso, iluminação adequada e organização de racks",expandido
278,Escritório,Infra elétrica/dados,140.0,0Q+2B,Comercial,"Infraestrutura de TI: cabeamento categoria 6, rack organizado, patch panels, eletrocalhas, tomadas dedicadas e identificação de pontos",expandido
279,Escritório,Infra elétrica/dados,100.0,0Q+2B,Comercial,"Infraestrutura de TI: cabeamento categoria 6, rack organizado, patch panels, eletrocalhas, tomadas dedicadas e identificação de pontos",base
280,Escritório,Infra elétrica/dados,70.0,0Q+2B,Comercial,"Infraestrutura de TI: cabeamento categoria 6, rack organizado, patch panels, eletrocalhas, tomadas dedicadas e identificação de pontos",expandido
281,Escritório,Geral,120.0,0Q+2B,Comercial,"Pintura e identidade visual: pintura geral, parede de marca, adesivagem de ambientes, sinalização e pequenos reparos",base
282,Escritório,Geral,84.0,0Q+2B,Comercial,"Pintura e identidade visual: pintura geral, parede de marca, adesivagem de ambientes, sinalização e pequenos reparos",expandido
283,Escritório,Geral,168.0,0Q+2B,Comercial,"Pintura e identidade visual: pintura geral, parede de marca, adesivagem de ambientes, sinalização e pequenos reparos",expandido
284,Escritório,Geral,180.0,0Q+4B,Comercial,"Reforma corporativa completa: layout novo, mobiliário, iluminação LED, climatização revisada, tratamento acústico, banheiros e copa",base
285,Escritório,Geral,252.0,0Q+4B,Comercial,"Reforma corporativa completa: layout novo, mobiliário, iluminação LED, climatização revisada, tratamento acústico, banheiros e copa",expandido
286,Escritório,Geral,126.0,0Q+4B,Comercial,"Reforma corporativa completa: layout novo, mobiliário, iluminação LED, climatização revisada, tratamento acústico, banheiros e copa",expandido
287,Loja,Salão de vendas,42.0,0Q+1B,Comercial,"Loja básica: pintura, piso vinílico comercial, iluminação de destaque, provadores (se aplicável), balcão de caixa e vitrine",expandido
288,Loja,Salão de vendas,60.0,0Q+1B,Comercial,"Loja básica: pintura, piso vinílico comercial, iluminação de destaque, provadores (se aplicável), balcão de caixa e vitrine",base
289,Loja,Salão de vendas,84.0,0Q+1B,Comercial,"Loja básica: pintura, piso vinílico comercial, iluminação de destaque, provadores (se aplicável), balcão de caixa e vitrine",expandido
290,Loja,Salão de vendas,140.0,0Q+2B,Comercial,"Loja completa: piso porcelanato, iluminação projetada para produtos, gesso com rasgos de luz, provadores amplos, depósito organizado e fachada renovada",expandido
291,Loja,Salão de vendas,100.0,0Q+2B,Comercial,"Loja completa: piso porcelanato, iluminação projetada para produtos, gesso com rasgos de luz, provadores amplos, depósito organizado e fachada renovada",base
292,Loja,Salão de vendas,70.0,0Q+2B,Comercial,"Loja completa: piso porcelanato, iluminação projetada para produtos, gesso com rasgos de luz, provadores amplos, depósito organizado e fachada renovada",expandido
293,Loja,Fachada comercial,42.0,0Q+1B,Comercial,"Fachada de loja: letreiro luminoso, pintura, revestimento de ACM ou similar, vitrine com iluminação e porta automática",expandido
294,Loja,Fachada comercial,21.0,0Q+1B,Comercial,"Fachada de loja: letreiro luminoso, pintura, revestimento de ACM ou similar, vitrine com iluminação e porta automática",expandido
295,Loja,Fachada comercial,30.0,0Q+1B,Comercial,"Fachada de loja: letreiro luminoso, pintura, revestimento de ACM ou similar, vitrine com iluminação e porta automática",base
296,Clínica,Recepção,20.0,0Q+2B,Comercial,"Recepção clínica: balcão, cadeiras de espera, TV, piso lavável, pintura clara, iluminação adequada e sinalização",base
297,Clínica,Recepção,28.0,0Q+2B,Comercial,"Recepção clínica: balcão, cadeiras de espera, TV, piso lavável, pintura clara, iluminação adequada e sinalização",expandido
298,Clínica,Recepção,15,0Q+2B,Comercial,"Recepção clínica: balcão, cadeiras de espera, TV, piso lavável, pintura clara, iluminação adequada e sinalização",expandido
299,Clínica,Consultório,17.0,0Q+1B,Comercial,"Consultório: pintura lavável, piso vinílico clínico, iluminação de tarefa, bancada, pia e armários para materiais",expandido
300,Clínica,Consultório,10,0Q+1B,Comercial,"Consultório: pintura lavável, piso vinílico clínico, iluminação de tarefa, bancada, pia e armários para materiais",expandido
301,Clínica,Consultório,12.0,0Q+1B,Comercial,"Consultório: pintura lavável, piso vinílico clínico, iluminação de tarefa, bancada, pia e armários para materiais",base
302,Clínica,Banheiro PNE,4,0Q+1B,Comercial,"Banheiro acessível: dimensões NBR 9050, barras de apoio, bacia elevada, lavatório adequado, piso antiderrapante e sinalização",expandido
303,Clínica,Banheiro PNE,5.0,0Q+1B,Comercial,"Banheiro acessível: dimensões NBR 9050, barras de apoio, bacia elevada, lavatório adequado, piso antiderrapante e sinalização",base
304,Clínica,Banheiro PNE,7.0,0Q+1B,Comercial,"Banheiro acessível: dimensões NBR 9050, barras de apoio, bacia elevada, lavatório adequado, piso antiderrapante e sinalização",expandido
305,Restaurante,Salão,56.0,0Q+2B,Comercial,"Salão de restaurante: piso porcelanato, iluminação de ambiente, forro acústico, climatização, pintura e mobiliário",expandido
306,Restaurante,Salão,80.0,0Q+2B,Comercial,"Salão de restaurante: piso porcelanato, iluminação de ambiente, forro acústico, climatização, pintura e mobiliário",base
307,Restaurante,Salão,112.0,0Q+2B,Comercial,"Salão de restaurante: piso porcelanato, iluminação de ambiente, forro acústico, climatização, pintura e mobiliário",expandido
308,Restaurante,Cozinha industrial,40.0,0Q+2B,Comercial,"Cozinha comercial: piso antiderrapante, revestimento lavável até o teto, bancadas inox, exaustão, pontos de água/gás e iluminação forte",base
309,Restaurante,Cozinha industrial,56.0,0Q+2B,Comercial,"Cozinha comercial: piso antiderrapante, revestimento lavável até o teto, bancadas inox, exaustão, pontos de água/gás e iluminação forte",expandido
310,Restaurante,Cozinha industrial,28.0,0Q+2B,Comercial,"Cozinha comercial: piso antiderrapante, revestimento lavável até o teto, bancadas inox, exaustão, pontos de água/gás e iluminação forte",expandido
311,Apto,Integração ambientes,40.0,3Q+2B,Luxo,"Demolição de parede divisória (com ART), unificação de pisos, recomposição de instalações, forro e iluminação integrada",base
312,Apto,Integração ambientes,56.0,3Q+2B,Luxo,"Demolição de parede divisória (com ART), unificação de pisos, recomposição de instalações, forro e iluminação integrada",expandido
313,Apto,Integração ambientes,28.0,3Q+2B,Luxo,"Demolição de parede divisória (com ART), unificação de pisos, recomposição de instalações, forro e iluminação integrada",expandido
314,Apto,Dormitório + closet,25.0,3Q+2B,Luxo,"Quarto com closet aberto: piso único, nichos em drywall, iluminação setorizada por zonas, espelho de parede e cortineiro motorizado",expandido
315,Apto,Dormitório + closet,18.0,3Q+2B,Luxo,"Quarto com closet aberto: piso único, nichos em drywall, iluminação setorizada por zonas, espelho de parede e cortineiro motorizado",base
316,Apto,Dormitório + closet,14,3Q+2B,Luxo,"Quarto com closet aberto: piso único, nichos em drywall, iluminação setorizada por zonas, espelho de parede e cortineiro motorizado",expandido
317,Apto,Banheiro + closet,10,3Q+2B,Luxo,"Suíte integrada: banheiro visible (bancada dentro do quarto), box de vidro, iluminação cênica e armários como divisória",expandido
318,Apto,Banheiro + closet,20.0,3Q+2B,Luxo,"Suíte integrada: banheiro visible (bancada dentro do quarto), box de vidro, iluminação cênica e armários como divisória",expandido
319,Apto,Banheiro + closet,14.0,3Q+2B,Luxo,"Suíte integrada: banheiro visible (bancada dentro do quarto), box de vidro, iluminação cênica e armários como divisória",base
320,Casa,Piscina,25.0,3Q+2B,Luxo,"Reforma de piscina: troca de revestimento (pastilha ou vinil), revisão de bombas/filtros, iluminação subaquática, deck perimetral e paisagismo",base
321,Casa,Piscina,18.0,3Q+2B,Luxo,"Reforma de piscina: troca de revestimento (pastilha ou vinil), revisão de bombas/filtros, iluminação subaquática, deck perimetral e paisagismo",expandido
322,Casa,Piscina,35.0,3Q+2B,Luxo,"Reforma de piscina: troca de revestimento (pastilha ou vinil), revisão de bombas/filtros, iluminação subaquática, deck perimetral e paisagismo",expandido
323,Casa,Edícula,20.0,3Q+2B,Médio,"Edícula multiuso: pintura, piso, pontos elétricos, banheiro externo simples, bancada de apoio e iluminação",base
324,Casa,Edícula,28.0,3Q+2B,Médio,"Edícula multiuso: pintura, piso, pontos elétricos, banheiro externo simples, bancada de apoio e iluminação",expandido
325,Casa,Edícula,15,3Q+2B,Médio,"Edícula multiuso: pintura, piso, pontos elétricos, banheiro externo simples, bancada de apoio e iluminação",expandido
326,Casa,Edícula,42.0,4Q+3B,Luxo,"Edícula premium: banheiro completo, mini cozinha, espaço de estar, ar-condicionado e acabamento similar à casa principal",expandido
327,Casa,Edícula,21.0,4Q+3B,Luxo,"Edícula premium: banheiro completo, mini cozinha, espaço de estar, ar-condicionado e acabamento similar à casa principal",expandido
328,Casa,Edícula,30.0,4Q+3B,Luxo,"Edícula premium: banheiro completo, mini cozinha, espaço de estar, ar-condicionado e acabamento similar à casa principal",base
329,Apto,Corredor + hall,8.0,3Q+2B,Médio,"Hall de entrada: piso diferenciado, iluminação de recepção, espelho, painel decorativo e ponto de ar-condicionado (se entrada grande)",expandido
330,Apto,Corredor + hall,17.0,3Q+2B,Médio,"Hall de entrada: piso diferenciado, iluminação de recepção, espelho, painel decorativo e ponto de ar-condicionado (se entrada grande)",expandido
331,Apto,Corredor + hall,12.0,3Q+2B,Médio,"Hall de entrada: piso diferenciado, iluminação de recepção, espelho, painel decorativo e ponto de ar-condicionado (se entrada grande)",base
332,Casa,Corredor + hall,25,4Q+3B,Luxo,"Hall de entrada duplo: piso em mármore ou porcelanato diferenciado, lustre ou pendente, nichos, painel e iluminação de destaque",expandido
333,Casa,Corredor + hall,18.0,4Q+3B,Luxo,"Hall de entrada duplo: piso em mármore ou porcelanato diferenciado, lustre ou pendente, nichos, painel e iluminação de destaque",base
334,Casa,Corredor + hall,13.0,4Q+3B,Luxo,"Hall de entrada duplo: piso em mármore ou porcelanato diferenciado, lustre ou pendente, nichos, painel e iluminação de destaque",expandido
335,Apto,Despensa,3.0,3Q+2B,Médio,"Despensa organizada: prateleiras reguláveis em aço, iluminação interna, piso lavável e ventilação básica",expandido
336,Apto,Despensa,4.0,3Q+2B,Médio,"Despensa organizada: prateleiras reguláveis em aço, iluminação interna, piso lavável e ventilação básica",base
337,Apto,Despensa,6.0,3Q+2B,Médio,"Despensa organizada: prateleiras reguláveis em aço, iluminação interna, piso lavável e ventilação básica",expandido
338,Casa,Despensa/adega,8.0,4Q+3B,Luxo,"Adega climatizada: ar-condicionado de adega, prateleiras para garrafas, iluminação LED fria, piso antiderrapante e porta com vedação",base
339,Casa,Despensa/adega,11.0,4Q+3B,Luxo,"Adega climatizada: ar-condicionado de adega, prateleiras para garrafas, iluminação LED fria, piso antiderrapante e porta com vedação",expandido
340,Casa,Despensa/adega,6.0,4Q+3B,Luxo,"Adega climatizada: ar-condicionado de adega, prateleiras para garrafas, iluminação LED fria, piso antiderrapante e porta com vedação",expandido
341,Apto,Área técnica,2.0,3Q+2B,Médio,"Shaft organizado: acesso facilitado, identificação de registros, tubulação aparente revisada e pequenos reparos",expandido
342,Apto,Área técnica,3.0,3Q+2B,Médio,"Shaft organizado: acesso facilitado, identificação de registros, tubulação aparente revisada e pequenos reparos",base
343,Apto,Área técnica,4.0,3Q+2B,Médio,"Shaft organizado: acesso facilitado, identificação de registros, tubulação aparente revisada e pequenos reparos",expandido
344,Casa,Casa de máquinas,8.0,3Q+2B,Médio,"Casa de máquinas de piscina: organização, revisão de bombas, troca de selos, iluminação, ventilação e piso resistente",expandido
345,Casa,Casa de máquinas,4.0,3Q+2B,Médio,"Casa de máquinas de piscina: organização, revisão de bombas, troca de selos, iluminação, ventilação e piso resistente",expandido
346,Casa,Casa de máquinas,6.0,3Q+2B,Médio,"Casa de máquinas de piscina: organização, revisão de bombas, troca de selos, iluminação, ventilação e piso resistente",base
347,Apto,Pintura completa,50.0,2Q+1B,Popular,"Pintura profissional: proteção, preparo de superfícies, massa corrida, selador, 2-3 demãos de tinta acrílica, portas e guarnições",base
348,Apto,Pintura completa,35.0,2Q+1B,Popular,"Pintura profissional: proteção, preparo de superfícies, massa corrida, selador, 2-3 demãos de tinta acrílica, portas e guarnições",expandido
349,Apto,Pintura completa,70.0,2Q+1B,Popular,"Pintura profissional: proteção, preparo de superfícies, massa corrida, selador, 2-3 demãos de tinta acrílica, portas e guarnições",expandido
350,Apto,Pintura completa,49.0,3Q+2B,Médio,"Pintura padrão alto: preparo completo, massa corrida em todas as superfícies, selador, tinta premium, paredes de destaque e recortes perfeitos",expandido
351,Apto,Pintura completa,98.0,3Q+2B,Médio,"Pintura padrão alto: preparo completo, massa corrida em todas as superfícies, selador, tinta premium, paredes de destaque e recortes perfeitos",expandido
352,Apto,Pintura completa,70.0,3Q+2B,Médio,"Pintura padrão alto: preparo completo, massa corrida em todas as superfícies, selador, tinta premium, paredes de destaque e recortes perfeitos",base
353,Apto,Pintura completa,40.0,1Q+1B,Popular,"Pintura studio/kitnet: paredes e teto, preparo básico, tinta acrílica e acabamento em portas",base
354,Apto,Pintura completa,56.0,1Q+1B,Popular,"Pintura studio/kitnet: paredes e teto, preparo básico, tinta acrílica e acabamento em portas",expandido
355,Apto,Pintura completa,30,1Q+1B,Popular,"Pintura studio/kitnet: paredes e teto, preparo básico, tinta acrílica e acabamento em portas",expandido
356,Casa,Pintura interna,120.0,3Q+2B,Popular,"Pintura interna casa: paredes e tetos, preparo básico, tinta acrílica standard e acabamento de portas/guarnições",base
357,Casa,Pintura interna,84.0,3Q+2B,Popular,"Pintura interna casa: paredes e tetos, preparo básico, tinta acrílica standard e acabamento de portas/guarnições",expandido
358,Casa,Pintura interna,168.0,3Q+2B,Popular,"Pintura interna casa: paredes e tetos, preparo básico, tinta acrílica standard e acabamento de portas/guarnições",expandido
359,Casa,Pintura interna + externa,180.0,3Q+2B,Médio,"Pintura geral casa: tratamento de fissuras, impermeabilização de fachada, pintura interna/externa, portas, grades e muros",base
360,Casa,Pintura interna + externa,252.0,3Q+2B,Médio,"Pintura geral casa: tratamento de fissuras, impermeabilização de fachada, pintura interna/externa, portas, grades e muros",expandido
361,Casa,Pintura interna + externa,126.0,3Q+2B,Médio,"Pintura geral casa: tratamento de fissuras, impermeabilização de fachada, pintura interna/externa, portas, grades e muros",expandido
362,Casa,Pintura interna,56.0,2Q+1B,Popular,"Pintura casa simples: paredes e tetos internos, preparo básico e acabamento",expandido
363,Casa,Pintura interna,80.0,2Q+1B,Popular,"Pintura casa simples: paredes e tetos internos, preparo básico e acabamento",base
364,Casa,Pintura interna,112.0,2Q+1B,Popular,"Pintura casa simples: paredes e tetos internos, preparo básico e acabamento",expandido
365,Apto,Troca de pisos,40.0,2Q+1B,Popular,"Piso sobreposto: laminado ou vinílico clicado sobre piso existente (se nivelado), rodapé e perfis de transição",base
366,Apto,Troca de pisos,56.0,2Q+1B,Popular,"Piso sobreposto: laminado ou vinílico clicado sobre piso existente (se nivelado), rodapé e perfis de transição",expandido
367,Apto,Troca de pisos,30,2Q+1B,Popular,"Piso sobreposto: laminado ou vinílico clicado sobre piso existente (se nivelado), rodapé e perfis de transição",expandido
368,Apto,Troca de pisos,77.0,3Q+2B,Médio,"Piso com demolição: retirada do piso antigo, regularização/contrapiso, assentamento de porcelanato 60x60, rejunte e rodapé",expandido
369,Apto,Troca de pisos,38.0,3Q+2B,Médio,"Piso com demolição: retirada do piso antigo, regularização/contrapiso, assentamento de porcelanato 60x60, rejunte e rodapé",expandido
370,Apto,Troca de pisos,55.0,3Q+2B,Médio,"Piso com demolição: retirada do piso antigo, regularização/contrapiso, assentamento de porcelanato 60x60, rejunte e rodapé",base
371,Apto,Troca de pisos,49.0,3Q+2B,Luxo,"Piso porcelanato grande formato: demolição, nivelamento, porcelanato 1,20x2,40m com paginação, rejunte mínimo e rodapé embutido",expandido
372,Apto,Troca de pisos,98.0,3Q+2B,Luxo,"Piso porcelanato grande formato: demolição, nivelamento, porcelanato 1,20x2,40m com paginação, rejunte mínimo e rodapé embutido",expandido
373,Apto,Troca de pisos,70.0,3Q+2B,Luxo,"Piso porcelanato grande formato: demolição, nivelamento, porcelanato 1,20x2,40m com paginação, rejunte mínimo e rodapé embutido",base
374,Casa,Troca de pisos,140.0,2Q+1B,Popular,"Piso cerâmico padrão: demolição, contrapiso, cerâmica 45x45, rejunte e rodapés simples",expandido
375,Casa,Troca de pisos,100.0,2Q+1B,Popular,"Piso cerâmico padrão: demolição, contrapiso, cerâmica 45x45, rejunte e rodapés simples",base
376,Casa,Troca de pisos,70.0,2Q+1B,Popular,"Piso cerâmico padrão: demolição, contrapiso, cerâmica 45x45, rejunte e rodapés simples",expandido
377,Casa,Troca de pisos,200,3Q+2B,Médio,"Piso porcelanato casa: demolição, contrapiso, porcelanato 60x60 ou 80x80, rejunte, soleiras e rodapés",expandido
378,Casa,Troca de pisos,105.0,3Q+2B,Médio,"Piso porcelanato casa: demolição, contrapiso, porcelanato 60x60 ou 80x80, rejunte, soleiras e rodapés",expandido
379,Casa,Troca de pisos,150.0,3Q+2B,Médio,"Piso porcelanato casa: demolição, contrapiso, porcelanato 60x60 ou 80x80, rejunte, soleiras e rodapés",base
380,Casa,Troca de pisos,200.0,4Q+3B,Luxo,"Piso madeira maciça ou engenheirada: preparação de base, instalação flutuante ou colada, acabamento e manutenção",base
381,Casa,Troca de pisos,140.0,4Q+3B,Luxo,"Piso madeira maciça ou engenheirada: preparação de base, instalação flutuante ou colada, acabamento e manutenção",expandido
382,Apto,Forro de gesso,49.0,2Q+1B,Popular,"Forro simples: rebaixo em gesso acartonado, tabicas, pontos de iluminação e pintura",expandido
383,Apto,Forro de gesso,35.0,2Q+1B,Popular,"Forro simples: rebaixo em gesso acartonado, tabicas, pontos de iluminação e pintura",base
384,Apto,Forro de gesso,30,2Q+1B,Popular,"Forro simples: rebaixo em gesso acartonado, tabicas, pontos de iluminação e pintura",expandido
385,Apto,Forro de gesso,50.0,3Q+2B,Médio,"Forro com iluminação: gesso acartonado com rasgos para LED, sancas, cortineiros e pintura",base
386,Apto,Forro de gesso,35.0,3Q+2B,Médio,"Forro com iluminação: gesso acartonado com rasgos para LED, sancas, cortineiros e pintura",expandido
387,Apto,Forro de gesso,70.0,3Q+2B,Médio,"Forro com iluminação: gesso acartonado com rasgos para LED, sancas, cortineiros e pintura",expandido
388,Apto,Forro de gesso,49.0,3Q+2B,Luxo,"Forro decorativo: molduras clássicas ou design contemporâneo, iluminação em múltiplas camadas, cortineiros motorizados e acabamento premium",expandido
389,Apto,Forro de gesso,98.0,3Q+2B,Luxo,"Forro decorativo: molduras clássicas ou design contemporâneo, iluminação em múltiplas camadas, cortineiros motorizados e acabamento premium",expandido
390,Apto,Forro de gesso,70.0,3Q+2B,Luxo,"Forro decorativo: molduras clássicas ou design contemporâneo, iluminação em múltiplas camadas, cortineiros motorizados e acabamento premium",base
391,Casa,Forro de gesso,140.0,3Q+2B,Médio,"Forro áreas sociais: gesso acartonado em sala/cozinha, iluminação embutida, sancas e tabicas",expandido
392,Casa,Forro de gesso,100.0,3Q+2B,Médio,"Forro áreas sociais: gesso acartonado em sala/cozinha, iluminação embutida, sancas e tabicas",base
393,Casa,Forro de gesso,70.0,3Q+2B,Médio,"Forro áreas sociais: gesso acartonado em sala/cozinha, iluminação embutida, sancas e tabicas",expandido
394,Casa,Forro de gesso,200,4Q+3B,Luxo,"Forro integral casa: gesso em todos os ambientes, iluminação projetada, nichos em gesso e acabamento perfeito",expandido
395,Casa,Forro de gesso,105.0,4Q+3B,Luxo,"Forro integral casa: gesso em todos os ambientes, iluminação projetada, nichos em gesso e acabamento perfeito",expandido
396,Casa,Forro de gesso,150.0,4Q+3B,Luxo,"Forro integral casa: gesso em todos os ambientes, iluminação projetada, nichos em gesso e acabamento perfeito",base
397,Apto,Iluminação,50.0,2Q+1B,Popular,"Troca de luminárias: substituição por LED, revisão de pontos e revisão de circuitos de iluminação",base
398,Apto,Iluminação,35.0,2Q+1B,Popular,"Troca de luminárias: substituição por LED, revisão de pontos e revisão de circuitos de iluminação",expandido
399,Apto,Iluminação,70.0,2Q+1B,Popular,"Troca de luminárias: substituição por LED, revisão de pontos e revisão de circuitos de iluminação",expandido
400,Apto,Iluminação,65.0,3Q+2B,Médio,"Projeto de iluminação: LED embutido, trilhos e spots, setorização por ambientes, dimmers e cenas básicas",base
401,Apto,Iluminação,91.0,3Q+2B,Médio,"Projeto de iluminação: LED embutido, trilhos e spots, setorização por ambientes, dimmers e cenas básicas",expandido
402,Apto,Iluminação,46.0,3Q+2B,Médio,"Projeto de iluminação: LED embutido, trilhos e spots, setorização por ambientes, dimmers e cenas básicas",expandido
403,Apto,Automação,42.0,3Q+2B,Luxo,"Automação básica: interruptores inteligentes, controle de iluminação por app, persianas motorizadas e integração com assistente de voz",expandido
404,Apto,Automação,60.0,3Q+2B,Luxo,"Automação básica: interruptores inteligentes, controle de iluminação por app, persianas motorizadas e integração com assistente de voz",base
405,Apto,Automação,84.0,3Q+2B,Luxo,"Automação básica: interruptores inteligentes, controle de iluminação por app, persianas motorizadas e integração com assistente de voz",expandido
406,Casa,Automação,120.0,4Q+3B,Luxo,"Automação completa: iluminação, cortinas, ar-condicionado, fechadura digital, câmeras, cenas e painel de controle central",base
407,Casa,Automação,84.0,4Q+3B,Luxo,"Automação completa: iluminação, cortinas, ar-condicionado, fechadura digital, câmeras, cenas e painel de controle central",expandido
408,Casa,Automação,168.0,4Q+3B,Luxo,"Automação completa: iluminação, cortinas, ar-condicionado, fechadura digital, câmeras, cenas e painel de controle central",expandido
409,Apto,Marcenaria cozinha,10.0,2Q+1B,Popular,"Armários de cozinha: modulados em MDP, puxadores simples, acabamento melamínico e instalação básica",base
410,Apto,Marcenaria cozinha,14.0,2Q+1B,Popular,"Armários de cozinha: modulados em MDP, puxadores simples, acabamento melamínico e instalação básica",expandido
411,Apto,Marcenaria cozinha,7.0,2Q+1B,Popular,"Armários de cozinha: modulados em MDP, puxadores simples, acabamento melamínico e instalação básica",expandido
412,Apto,Marcenaria cozinha,8.0,3Q+2B,Médio,"Cozinha planejada: MDF com acabamento laqueado ou melamínico premium, ferragens de qualidade, iluminação interna e organização",expandido
413,Apto,Marcenaria cozinha,17.0,3Q+2B,Médio,"Cozinha planejada: MDF com acabamento laqueado ou melamínico premium, ferragens de qualidade, iluminação interna e organização",expandido
414,Apto,Marcenaria cozinha,12.0,3Q+2B,Médio,"Cozinha planejada: MDF com acabamento laqueado ou melamínico premium, ferragens de qualidade, iluminação interna e organização",base
415,Apto,Marcenaria cozinha,16.0,3Q+2B,Luxo,"Cozinha premium: MDF laqueado ou nesting, ferragens Blum/Hettich, iluminação em perfis, gavetas com divisórias e sistema push-to-open",base
416,Apto,Marcenaria cozinha,11.0,3Q+2B,Luxo,"Cozinha premium: MDF laqueado ou nesting, ferragens Blum/Hettich, iluminação em perfis, gavetas com divisórias e sistema push-to-open",expandido
417,Apto,Marcenaria cozinha,22.0,3Q+2B,Luxo,"Cozinha premium: MDF laqueado ou nesting, ferragens Blum/Hettich, iluminação em perfis, gavetas com divisórias e sistema push-to-open",expandido
418,Apto,Marcenaria quarto,10,3Q+2B,Médio,"Closet planejado: módulos internos, cabideiros, gaveteiros, iluminação LED e portas de correr com espelho",expandido
419,Apto,Marcenaria quarto,20.0,3Q+2B,Médio,"Closet planejado: módulos internos, cabideiros, gaveteiros, iluminação LED e portas de correr com espelho",expandido
420,Apto,Marcenaria quarto,14.0,3Q+2B,Médio,"Closet planejado: módulos internos, cabideiros, gaveteiros, iluminação LED e portas de correr com espelho",base
421,Casa,Marcenaria geral,50.0,3Q+2B,Médio,"Marcenaria sob medida: cozinha, área de serviço, closets e painéis de TV em MDF com acabamento unificado",base
422,Casa,Marcenaria geral,35.0,3Q+2B,Médio,"Marcenaria sob medida: cozinha, área de serviço, closets e painéis de TV em MDF com acabamento unificado",expandido
423,Casa,Marcenaria geral,70.0,3Q+2B,Médio,"Marcenaria sob medida: cozinha, área de serviço, closets e painéis de TV em MDF com acabamento unificado",expandido
424,Casa,Marcenaria geral,56.0,4Q+3B,Luxo,"Marcenaria premium: projeto de interiores completo, materiais premium, ferragens importadas e acabamentos especiais",expandido
425,Casa,Marcenaria geral,80.0,4Q+3B,Luxo,"Marcenaria premium: projeto de interiores completo, materiais premium, ferragens importadas e acabamentos especiais",base
426,Casa,Marcenaria geral,112.0,4Q+3B,Luxo,"Marcenaria premium: projeto de interiores completo, materiais premium, ferragens importadas e acabamentos especiais",expandido
427,Apto,Impermeabilização,4.0,2Q+1B,Médio,"Impermeabilização de banheiro: demolição de piso, aplicação de manta ou membrana, proteção mecânica e novo revestimento",expandido
428,Apto,Impermeabilização,5.0,2Q+1B,Médio,"Impermeabilização de banheiro: demolição de piso, aplicação de manta ou membrana, proteção mecânica e novo revestimento",base
429,Apto,Impermeabilização,7.0,2Q+1B,Médio,"Impermeabilização de banheiro: demolição de piso, aplicação de manta ou membrana, proteção mecânica e novo revestimento",expandido
430,Apto,Impermeabilização,8.0,3Q+2B,Médio,"Impermeabilização área molhada: banheiro(s) e lavanderia, manta asfáltica, teste de 48h e recomposição de pisos",base
431,Apto,Impermeabilização,11.0,3Q+2B,Médio,"Impermeabilização área molhada: banheiro(s) e lavanderia, manta asfáltica, teste de 48h e recomposição de pisos",expandido
432,Apto,Impermeabilização,6.0,3Q+2B,Médio,"Impermeabilização área molhada: banheiro(s) e lavanderia, manta asfáltica, teste de 48h e recomposição de pisos",expandido
433,Casa,Impermeabilização,42.0,3Q+2B,Médio,"Impermeabilização de laje: limpeza, regularização, manta aluminizada ou membrana, proteção mecânica e teste",expandido
434,Casa,Impermeabilização,21.0,3Q+2B,Médio,"Impermeabilização de laje: limpeza, regularização, manta aluminizada ou membrana, proteção mecânica e teste",expandido
435,Casa,Impermeabilização,30.0,3Q+2B,Médio,"Impermeabilização de laje: limpeza, regularização, manta aluminizada ou membrana, proteção mecânica e teste",base
436,Casa,Impermeabilização,50.0,4Q+3B,Luxo,"Impermeabilização completa: laje, varandas, áreas molhadas, manta premium com garantia, detalhamento em ralos e testes rigorosos",base
437,Casa,Impermeabilização,35.0,4Q+3B,Luxo,"Impermeabilização completa: laje, varandas, áreas molhadas, manta premium com garantia, detalhamento em ralos e testes rigorosos",expandido
438,Casa,Impermeabilização,70.0,4Q+3B,Luxo,"Impermeabilização completa: laje, varandas, áreas molhadas, manta premium com garantia, detalhamento em ralos e testes rigorosos",expandido
439,Apto,Instalações elétricas,63.0,3Q+2B,Médio,"Pontos elétricos novos: abertura de rasgos, eletrodutos, fiação, caixas e acabamento; inclui novos pontos de tomada e iluminação",expandido
440,Apto,Instalações elétricas,45.0,3Q+2B,Médio,"Pontos elétricos novos: abertura de rasgos, eletrodutos, fiação, caixas e acabamento; inclui novos pontos de tomada e iluminação",base
441,Apto,Instalações elétricas,31.0,3Q+2B,Médio,"Pontos elétricos novos: abertura de rasgos, eletrodutos, fiação, caixas e acabamento; inclui novos pontos de tomada e iluminação",expandido
442,Casa,Instalações elétricas,140.0,3Q+2B,Médio,"Elétrica casa nova: quadro dimensionado, circuitos separados, fiação em cobre, tomadas, interruptores modernos e aterramento",expandido
443,Casa,Instalações elétricas,100.0,3Q+2B,Médio,"Elétrica casa nova: quadro dimensionado, circuitos separados, fiação em cobre, tomadas, interruptores modernos e aterramento",base
444,Casa,Instalações elétricas,70.0,3Q+2B,Médio,"Elétrica casa nova: quadro dimensionado, circuitos separados, fiação em cobre, tomadas, interruptores modernos e aterramento",expandido
445,Apto,Instalações hidráulicas,8.0,3Q+2B,Médio,"Pontos hidráulicos: novos pontos de água fria/quente, ramais em PPR ou PEX, conexões e testes de pressão",base
446,Apto,Instalações hidráulicas,11.0,3Q+2B,Médio,"Pontos hidráulicos: novos pontos de água fria/quente, ramais em PPR ou PEX, conexões e testes de pressão",expandido
447,Apto,Instalações hidráulicas,6.0,3Q+2B,Médio,"Pontos hidráulicos: novos pontos de água fria/quente, ramais em PPR ou PEX, conexões e testes de pressão",expandido
448,Casa,Instalações hidráulicas,25.0,3Q+2B,Médio,"Hidráulica casa: ramais novos em PPR, registros de pressão e gaveta, colunas de água fria e testes de estanqueidade",base
449,Casa,Instalações hidráulicas,18.0,3Q+2B,Médio,"Hidráulica casa: ramais novos em PPR, registros de pressão e gaveta, colunas de água fria e testes de estanqueidade",expandido
450,Casa,Instalações hidráulicas,35.0,3Q+2B,Médio,"Hidráulica casa: ramais novos em PPR, registros de pressão e gaveta, colunas de água fria e testes de estanqueidade",expandido
451,Apto,Ar-condicionado,40.0,2Q+1B,Médio,"Instalação de splits: 2-3 aparelhos, elétrica dedicada, drenos e tubulação embutida ou aparente organizada",base
452,Apto,Ar-condicionado,56.0,2Q+1B,Médio,"Instalação de splits: 2-3 aparelhos, elétrica dedicada, drenos e tubulação embutida ou aparente organizada",expandido
453,Apto,Ar-condicionado,28.0,2Q+1B,Médio,"Instalação de splits: 2-3 aparelhos, elétrica dedicada, drenos e tubulação embutida ou aparente organizada",expandido
454,Casa,Ar-condicionado,56.0,3Q+2B,Médio,"Climatização residencial: splits nos quartos e estar, infraestrutura embutida, drenos encaminhados e acabamento",expandido
455,Casa,Ar-condicionado,80.0,3Q+2B,Médio,"Climatização residencial: splits nos quartos e estar, infraestrutura embutida, drenos encaminhados e acabamento",base
456,Casa,Ar-condicionado,112.0,3Q+2B,Médio,"Climatização residencial: splits nos quartos e estar, infraestrutura embutida, drenos encaminhados e acabamento",expandido
457,Casa,Central de gás,10.0,3Q+2B,Médio,"Instalação de gás: central de P45 ou natural, tubulação em cobre, registros, detectores e teste de estanqueidade",expandido
458,Casa,Central de gás,21.0,3Q+2B,Médio,"Instalação de gás: central de P45 ou natural, tubulação em cobre, registros, detectores e teste de estanqueidade",expandido
459,Casa,Central de gás,15.0,3Q+2B,Médio,"Instalação de gás: central de P45 ou natural, tubulação em cobre, registros, detectores e teste de estanqueidade",base
460,Apto,Esquadrias,42.0,2Q+1B,Médio,"Troca de janelas: esquadrias de alumínio com vidro duplo ou laminado, vedação perimetral e ajuste de contramarcos",expandido
461,Apto,Esquadrias,21.0,2Q+1B,Médio,"Troca de janelas: esquadrias de alumínio com vidro duplo ou laminado, vedação perimetral e ajuste de contramarcos",expandido
462,Apto,Esquadrias,30.0,2Q+1B,Médio,"Troca de janelas: esquadrias de alumínio com vidro duplo ou laminado, vedação perimetral e ajuste de contramarcos",base
463,Casa,Esquadrias,42.0,3Q+2B,Médio,"Esquadrias novas: janelas e portas externas em alumínio, vidros de segurança, fechaduras e telas mosquiteiras",expandido
464,Casa,Esquadrias,60.0,3Q+2B,Médio,"Esquadrias novas: janelas e portas externas em alumínio, vidros de segurança, fechaduras e telas mosquiteiras",base
465,Casa,Esquadrias,84.0,3Q+2B,Médio,"Esquadrias novas: janelas e portas externas em alumínio, vidros de segurança, fechaduras e telas mosquiteiras",expandido
466,Casa,Portão,20.0,2Q+1B,Médio,"Portão automatizado: motor de corrente, baterias, controles, fotocélulas e teste de segurança",base
467,Casa,Portão,28.0,2Q+1B,Médio,"Portão automatizado: motor de corrente, baterias, controles, fotocélulas e teste de segurança",expandido
468,Casa,Portão,14.0,2Q+1B,Médio,"Portão automatizado: motor de corrente, baterias, controles, fotocélulas e teste de segurança",expandido
469,Apto,Box de vidro,3,2Q+1B,Médio,"Box de banheiro: vidro temperado 8mm, ferragens em aço inox, porta de correr ou abrir, silicone e ajustes",expandido
470,Apto,Box de vidro,4.0,2Q+1B,Médio,"Box de banheiro: vidro temperado 8mm, ferragens em aço inox, porta de correr ou abrir, silicone e ajustes",base
471,Apto,Box de vidro,6.0,2Q+1B,Médio,"Box de banheiro: vidro temperado 8mm, ferragens em aço inox, porta de correr ou abrir, silicone e ajustes",expandido
472,Apto,Box de vidro,8.0,3Q+2B,Luxo,"Box premium: vidro 10mm até o teto, ferragens especiais, roldanas silenciosas, perfis em alumínio preto e vedação total",expandido
473,Apto,Box de vidro,4.0,3Q+2B,Luxo,"Box premium: vidro 10mm até o teto, ferragens especiais, roldanas silenciosas, perfis em alumínio preto e vedação total",expandido
474,Apto,Box de vidro,6.0,3Q+2B,Luxo,"Box premium: vidro 10mm até o teto, ferragens especiais, roldanas silenciosas, perfis em alumínio preto e vedação total",base
475,Apto,Troca de portas,24.0,2Q+1B,Médio,"Portas internas: portas semi-ocas ou maciças, batentes novos ou reaproveitados, guarnições, ferragens e pintura",expandido
476,Apto,Troca de portas,49.0,2Q+1B,Médio,"Portas internas: portas semi-ocas ou maciças, batentes novos ou reaproveitados, guarnições, ferragens e pintura",expandido
477,Apto,Troca de portas,35.0,2Q+1B,Médio,"Portas internas: portas semi-ocas ou maciças, batentes novos ou reaproveitados, guarnições, ferragens e pintura",base
478,Casa,Troca de portas,42.0,3Q+2B,Médio,"Portas casa: internas e externas, batentes, guarnições, fechaduras, dobradiças e acabamento em pintura ou verniz",expandido
479,Casa,Troca de portas,60.0,3Q+2B,Médio,"Portas casa: internas e externas, batentes, guarnições, fechaduras, dobradiças e acabamento em pintura ou verniz",base
480,Casa,Troca de portas,84.0,3Q+2B,Médio,"Portas casa: internas e externas, batentes, guarnições, fechaduras, dobradiças e acabamento em pintura ou verniz",expandido
481,Apto,Segurança,40.0,2Q+1B,Médio,"Segurança residencial: fechadura digital, olho mágico eletrônico, sensor de abertura e câmera interna wi-fi",base
482,Apto,Segurança,56.0,2Q+1B,Médio,"Segurança residencial: fechadura digital, olho mágico eletrônico, sensor de abertura e câmera interna wi-fi",expandido
483,Apto,Segurança,28.0,2Q+1B,Médio,"Segurança residencial: fechadura digital, olho mágico eletrônico, sensor de abertura e câmera interna wi-fi",expandido
484,Casa,Segurança,56.0,3Q+2B,Médio,"Sistema de segurança: câmeras externas, gravador (NVR), cerca elétrica, iluminação com sensor e alarme monitorado",expandido
485,Casa,Segurança,80.0,3Q+2B,Médio,"Sistema de segurança: câmeras externas, gravador (NVR), cerca elétrica, iluminação com sensor e alarme monitorado",base
486,Casa,Segurança,112.0,3Q+2B,Médio,"Sistema de segurança: câmeras externas, gravador (NVR), cerca elétrica, iluminação com sensor e alarme monitorado",expandido
487,Apto,Tratamento acústico,42.0,2Q+1B,Médio,"Isolamento básico: borrachas de vedação em portas, calafetagem de frestas e cortinas blackout pesadas",expandido
488,Apto,Tratamento acústico,21.0,2Q+1B,Médio,"Isolamento básico: borrachas de vedação em portas, calafetagem de frestas e cortinas blackout pesadas",expandido
489,Apto,Tratamento acústico,30.0,2Q+1B,Médio,"Isolamento básico: borrachas de vedação em portas, calafetagem de frestas e cortinas blackout pesadas",base
490,Apto,Tratamento acústico,50.0,3Q+2B,Luxo,"Tratamento acústico: paredes com drywall duplo, lã mineral, portas acústicas e janelas com vidro laminado",base
491,Apto,Tratamento acústico,35.0,3Q+2B,Luxo,"Tratamento acústico: paredes com drywall duplo, lã mineral, portas acústicas e janelas com vidro laminado",expandido
492,Apto,Tratamento acústico,70.0,3Q+2B,Luxo,"Tratamento acústico: paredes com drywall duplo, lã mineral, portas acústicas e janelas com vidro laminado",expandido
493,Casa,Tratamento acústico,56.0,3Q+2B,Luxo,"Isolamento completo: paredes, pisos flutuantes, forro independente e esquadrias acústicas certificadas",expandido
494,Casa,Tratamento acústico,80.0,3Q+2B,Luxo,"Isolamento completo: paredes, pisos flutuantes, forro independente e esquadrias acústicas certificadas",base
495,Casa,Tratamento acústico,112.0,3Q+2B,Luxo,"Isolamento completo: paredes, pisos flutuantes, forro independente e esquadrias acústicas certificadas",expandido
496,Casa,Cisterna,8.0,3Q+2B,Médio,"Instalação de cisterna: escavação, cisterna de concreto ou fibra, bomba de recalque e tubulação para reuso",base
497,Casa,Cisterna,11.0,3Q+2B,Médio,"Instalação de cisterna: escavação, cisterna de concreto ou fibra, bomba de recalque e tubulação para reuso",expandido
498,Casa,Cisterna,6.0,3Q+2B,Médio,"Instalação de cisterna: escavação, cisterna de concreto ou fibra, bomba de recalque e tubulação para reuso",expandido
499,Casa,Fossa séptica,8.0,2Q+1B,Popular,"Instalação de fossa séptica: escavação, conjunto fossa + sumidouro, tubulação e tampas de inspeção",expandido
500,Casa,Fossa séptica,17.0,2Q+1B,Popular,"Instalação de fossa séptica: escavação, conjunto fossa + sumidouro, tubulação e tampas de inspeção",expandido
501,Casa,Fossa séptica,12.0,2Q+1B,Popular,"Instalação de fossa séptica: escavação, conjunto fossa + sumidouro, tubulação e tampas de inspeção",base
